ID;Name;Overall rating;Potential;Growth;Age;Age group;Team;Position rank;Position;IMC;Foot;Joined;Value;Wage;Goalkeeping;Total stats;Body type;Acceleration type;Classement 23/24;Classement 22/23;Classement 21/22;Classement moyen;Palmares ;Value_bins
239085;E. Haaland;91;93;2;23;Major;Manchester City;Attacker;ST;24,7;Left;01-07-22;100;420000;10;73;Unique;Controlled Lengthy;1;1;1;1;10;>50
222665;M. √òdegaard;89;90;1;25;Major;Arsenal;Midfielder;CM;21,5;Left;20-08-21;100;240000;12;77;Lean (170-185);Controlled Explosive;2;2;5;3;13;>50
246669;B. Saka;88;90;2;22;Junior;Arsenal;Attacker;RW;20,5;Left;14-09-18;100;210000;10;76;Lean (170-185);Mostly Explosive;2;2;5;3;13;>50
231866;Rodri;91;91;0;28;Major;Manchester City;Midfielder;CDM;22,5;Right;04-07-19;100;440000;10;80;Normal (185+);Controlled Lengthy;1;1;1;1;10;>50
237692;P. Foden;87;89;2;24;Major;Manchester City;Midfielder;CAM;23,6;Left;06-12-16;100;210000;10;74;Unique;Explosive;1;1;1;1;10;>50
209331;M. Salah;90;90;0;32;Senior;Liverpool;Attacker;RM;23,5;Left;01-07-17;95;230000;12;75;Unique;Mostly Explosive;3;5;2;3;19;>50
257534;C. Palmer;86;89;3;22;Junior;Chelsea;Midfielder;CAM;22,2;Left;01-09-23;94,5;170000;10;73;Lean (185+);Controlled;6;12;3;7;6;>50
243715;W. Saliba;87;89;2;23;Major;Arsenal;Defender;CB;22,8;Right;25-07-19;92;170000;8;68;Normal (185+);Controlled Lengthy;2;2;5;3;13;>50
234378;D. Rice;87;88;1;25;Major;Arsenal;Midfielder;CDM;23,4;Right;15-07-23;85;190000;9;77;Normal (185+);Controlled Lengthy;2;2;5;3;13;>50
239837;A. Mac Allister;86;88;2;25;Major;Liverpool;Midfielder;CM;23,2;Right;14-06-23;84,5;150000;11;79;Normal (170-185);Controlled Explosive;3;5;2;3;19;>50
239818;R√∫ben Dias;88;88;0;27;Major;Manchester City;Defender;CB;23,4;Right;29-09-20;84;230000;9;68;Normal (185+);Controlled Lengthy;1;1;1;1;10;>50
212198;Bruno Fernandes;87;87;0;29;Major;Manchester United;Midfielder;CAM;21,5;Right;30-01-20;78;190000;13;79;Unique;Controlled Explosive;8;3;6;6;20;>50
218667;Bernardo Silva;87;87;0;29;Major;Manchester City;Midfielder;CM;21,4;Left;01-07-17;77,5;230000;11;78;Lean (170-185);Explosive;1;1;1;1;10;>50
231281;T. Alexander-Arnold;86;87;1;25;Major;Liverpool;Midfielder;CM;22,2;Right;07-10-15;74;140000;11;79;Unique;Controlled Explosive;3;5;2;3;19;>50
192985;K. De Bruyne;90;90;0;33;Senior;Manchester City;Midfielder;CM;22,9;Right;30-08-15;73,5;300000;11;78;Unique;Controlled;1;1;1;1;10;>50
233731;A. Isak;85;87;2;24;Major;Newcastle United;Attacker;ST;20,9;Right;26-08-22;71;155000;8;69;Lean (185+);Controlled;7;4;11;7;4;>50
232580;Gabriel;86;87;1;26;Major;Arsenal;Defender;CB;24,1;Left;01-09-20;70;180000;10;65;Lean (185+);Controlled Lengthy;2;2;5;3;13;>50
200104;H. Son;87;87;0;31;Senior;Tottenham Hotspur;Attacker;ST;23,3;Right;28-08-15;67,5;200000;11;73;Unique;Controlled Lengthy;5;8;4;6;2;>50
203376;V. van Dijk;89;89;0;32;Senior;Liverpool;Defender;CB;24,7;Right;01-01-18;67;200000;12;74;Unique;Controlled Lengthy;3;5;2;3;19;>50
241096;S. Tonali;85;87;2;24;Major;Newcastle United;Midfielder;CDM;24,1;Right;03-07-23;63;135000;9;79;Unique;Controlled;7;4;11;7;4;>50
224458;Diogo Jota;85;85;0;27;Major;Liverpool;Attacker;ST;22,1;Right;19-09-20;58,5;155000;11;74;Normal (170-185);Controlled Explosive;3;5;2;3;19;>50
220697;J. Maddison;85;85;0;27;Major;Tottenham Hotspur;Midfielder;CAM;23,8;Right;28-06-23;57,5;155000;13;73;Lean (170-185);Controlled Explosive;5;8;4;6;2;>50
247851;Bruno Guimar√£es;85;86;1;26;Major;Newcastle United;Midfielder;CM;22,3;Right;31-01-22;56,5;155000;11;78;Lean (170-185);Controlled;7;4;11;7;4;>50
256079;M. Caicedo;84;88;4;22;Junior;Chelsea;Midfielder;CDM;23;Right;14-08-23;56;135000;11;74;Normal (170-185);Controlled;6;12;3;7;6;>50
221697;O. Watkins;85;85;0;28;Major;Aston Villa;Attacker;ST;21,6;Right;09-09-20;55;185000;12;72;Normal (170-185);Controlled;4;7;14;8;7;>50
212831;Alisson;89;89;0;31;Senior;Liverpool;Goalkeeper;GK;24,4;Right;19-07-18;54,5;130000;87;49;Unique;Controlled Lengthy;3;5;2;3;19;>50
251517;J. Gvardiol;84;87;3;22;Junior;Manchester City;Defender;CB;23,4;Left;05-08-23;54,5;140000;8;76;Normal (185+);Controlled Lengthy;1;1;1;1;10;>50
225193;Mikel Merino;85;85;0;28;Major;Arsenal;Midfielder;CM;23,2;Left;27-08-24;54;185000;11;79;Normal (185+);Controlled Lengthy;2;2;5;3;13;>50
210257;Ederson;87;87;0;30;Major;Manchester City;Goalkeeper;GK;24,3;Left;01-07-17;53;145000;86;55;Unique;Controlled Lengthy;1;1;1;1;10;>50
235243;M. de Ligt;84;87;3;24;Major;Manchester United;Defender;CB;24,9;Right;13-08-24;51,5;115000;11;69;Unique;Controlled Lengthy;8;3;6;6;20;>50
247394;D. Kulusevski;83;86;3;24;Major;Tottenham Hotspur;Midfielder;CAM;23,1;Left;01-07-23;49,5;110000;9;73;Lean (185+);Controlled Lengthy;5;8;4;6;2;45-50
242516;C. Gakpo;83;86;3;25;Major;Liverpool;Attacker;ST;21,3;Right;03-01-23;48;115000;9;71;Lean (185+);Controlled;3;5;2;3;19;45-50
270409;Savinho;82;88;6;20;Junior;Manchester City;Attacker;LM;22,9;Left;18-07-24;47,5;115000;10;64;Lean (170-185);Mostly Explosive;1;1;1;1;10;45-50
237678;I. Konat√©;84;86;2;25;Major;Liverpool;Defender;CB;25,2;Right;01-07-21;47;120000;10;63;Normal (185+);Controlled Lengthy;3;5;2;3;19;45-50
264453;M. van de Ven;83;87;4;23;Major;Tottenham Hotspur;Defender;CB;23,1;Left;08-08-23;47;105000;10;68;Normal (185+);Controlled Lengthy;5;8;4;6;2;45-50
235805;F. Chiesa;84;84;0;26;Major;Liverpool;Attacker;RM;22,9;Right;29-08-24;46;130000;7;73;Unique;Explosive;3;5;2;3;19;45-50
232411;C. Nkunku;84;84;0;26;Major;Chelsea;Midfielder;CAM;21,7;Right;01-07-23;46;165000;9;74;Normal (170-185);Mostly Explosive;6;12;3;7;6;45-50
232488;C. Romero;84;86;2;26;Major;Tottenham Hotspur;Defender;CB;23,1;Right;30-08-22;46;135000;9;67;Normal (185+);Controlled Lengthy;5;8;4;6;2;45-50
243576;Pedro Porro;83;86;3;24;Major;Tottenham Hotspur;Defender;RWB;23,1;Right;01-07-23;46;105000;10;77;Normal (170-185);Controlled Explosive;5;8;4;6;2;45-50
235790;K. Havertz;83;85;2;25;Major;Arsenal;Midfielder;CAM;22;Left;28-06-23;46;155000;9;71;Unique;Controlled;2;2;5;3;13;45-50
231936;B. White;84;85;1;26;Major;Arsenal;Defender;RB;22,5;Right;30-07-21;45,5;155000;8;68;Lean (185+);Controlled Lengthy;2;2;5;3;13;45-50
241084;L. D√≠az;84;84;0;27;Major;Liverpool;Attacker;LM;22,5;Right;31-01-22;45;130000;13;72;Unique;Mostly Explosive;3;5;2;3;19;45-50
203574;J. Stones;85;85;0;30;Major;Manchester City;Defender;CB;21,5;Right;09-08-16;44;185000;10;72;Normal (185+);Controlled Lengthy;1;1;1;1;10;40-45
239301;L. Mart√≠nez;84;85;1;26;Major;Manchester United;Defender;CB;24,3;Left;27-07-22;43,5;135000;11;76;Normal (170-185);Controlled;8;3;6;6;20;40-45
245155;M. Kudus;82;86;4;23;Major;West Ham United;Attacker;LM;22,3;Left;27-08-23;43,5;95000;8;72;Normal (170-185);Controlled Explosive;9;14;7;10;0;40-45
247090;E. Fern√°ndez;82;86;4;23;Major;Chelsea;Midfielder;CM;24,6;Right;31-01-23;43,5;115000;8;75;Normal (170-185);Controlled;6;12;3;7;6;40-45
233049;J. Sancho;82;86;4;24;Major;Chelsea;Midfielder;CAM;23,5;Right;23-07-21;43,5;100000;10;65;Unique;Mostly Explosive;6;12;3;7;6;40-45
242964;A. Gordon;82;86;4;23;Major;Newcastle United;Attacker;RM;21,5;Right;29-01-23;43,5;120000;8;71;Lean (170-185);Controlled;7;4;11;7;4;40-45
202811;E. Mart√≠nez;87;87;0;31;Senior;Aston Villa;Goalkeeper;GK;23,1;Right;16-09-20;42;125000;85;52;Stocky (185+);Controlled Lengthy;4;7;14;8;7;40-45
240091;G. Vicario;84;87;3;27;Major;Tottenham Hotspur;Goalkeeper;GK;20,2;Right;01-07-23;41,5;86000;83;45;Lean (185+);Controlled;5;8;4;6;2;40-45
251566;Gabriel Martinelli;82;85;3;23;Major;Arsenal;Attacker;LW;23,7;Right;02-07-19;41,5;125000;7;70;Lean (170-185);Mostly Explosive;2;2;5;3;13;40-45
259583;D. Udogie;82;86;4;21;Junior;Tottenham Hotspur;Defender;LB;21,1;Left;17-08-22;41,5;82000;11;74;Normal (185+);Controlled;5;8;4;6;2;40-45
253072;D. N√∫√±ez;82;85;3;25;Major;Liverpool;Attacker;ST;23,2;Right;01-07-22;41;115000;12;72;Lean (185+);Controlled Lengthy;3;5;2;3;19;40-45
229237;M. Akanji;84;85;1;28;Major;Manchester City;Defender;CB;26;Right;01-09-22;40;170000;9;70;Unique;Controlled Lengthy;1;1;1;1;10;40-45
239231;Marc Cucurella;83;84;1;25;Major;Chelsea;Defender;LB;22,4;Left;05-08-22;39,5;135000;10;76;Normal (170-185);Controlled Explosive;6;12;3;7;6;35-40
208920;N. Ak√©;84;85;1;29;Major;Manchester City;Defender;CB;23,1;Left;05-08-20;39;170000;10;72;Normal (170-185);Controlled Explosive;1;1;1;1;10;35-40
236772;D. Szoboszlai;81;86;5;23;Major;Liverpool;Midfielder;CAM;21,4;Right;02-07-23;39;89000;10;75;Normal (185+);Controlled Lengthy;3;5;2;3;19;35-40
268438;Alejandro Garnacho;79;87;8;20;Junior;Manchester United;Attacker;RM;22,2;Right;28-07-21;38,5;71000;11;65;Lean (170-185);Mostly Explosive;8;3;6;6;20;35-40
259197;N. Jackson;81;85;4;23;Major;Chelsea;Attacker;ST;22,3;Right;01-07-23;37,5;120000;9;67;Lean (185+);Controlled;6;12;3;7;6;35-40
251809;S. Botman;82;85;3;24;Major;Newcastle United;Defender;CB;21,7;Left;01-07-22;37;105000;10;63;Normal (185+);Controlled Lengthy;7;4;11;7;4;35-40
242444;Jo√£o F√©lix;81;85;4;24;Major;Chelsea;Midfielder;CAM;21,4;Right;21-08-24;37;110000;13;71;Unique;Mostly Explosive;6;12;3;7;6;35-40
216267;A. Robertson;84;84;0;30;Major;Liverpool;Defender;LB;20,2;Left;21-07-17;36,5;130000;10;75;Unique;Controlled Explosive;3;5;2;3;19;35-40
206517;J. Grealish;83;83;0;28;Major;Manchester City;Attacker;LW;25;Right;05-08-21;36,5;175000;10;72;Unique;Controlled Explosive;1;1;1;1;10;35-40
238074;R. James;82;84;2;24;Major;Chelsea;Defender;CB;28,4;Right;01-03-17;36,5;110000;10;79;Stocky (170-185);Controlled Explosive;6;12;3;7;6;35-40
235152;F. Kadƒ±oƒülu;81;86;5;24;Major;Brighton & Hove Albion;Attacker;RM;24,1;Right;27-08-24;36,5;83000;10;75;Normal (170-185);Explosive;11;6;9;9;0;35-40
246104;R. Gravenberch;81;86;5;22;Junior;Liverpool;Midfielder;CAM;21,3;Right;01-09-23;36,5;83000;10;76;Lean (185+);Controlled Lengthy;3;5;2;3;19;35-40
220901;David Raya;84;86;2;28;Major;Arsenal;Goalkeeper;GK;22,4;Right;04-07-24;36;105000;84;48;Normal (170-185);Controlled;2;2;5;3;13;35-40
207421;L. Trossard;83;83;0;29;Major;Arsenal;Attacker;LW;22,9;Right;20-01-23;35,5;165000;9;67;Normal (170-185);Explosive;2;2;5;3;13;35-40
236987;B. Kamara;82;84;2;24;Major;Aston Villa;Midfielder;CDM;20,1;Right;01-07-22;35,5;105000;9;70;Lean (170-185);Controlled Lengthy;4;7;14;8;7;35-40
253306;M. Ugarte;81;86;5;23;Major;Manchester United;Midfielder;CDM;23,2;Right;30-08-24;35,5;90000;11;72;Normal (170-185);Controlled Explosive;8;3;6;6;20;35-40
216393;Y. Tielemans;82;83;1;27;Major;Aston Villa;Midfielder;CM;23,2;Right;01-07-23;35;125000;10;73;Normal (170-185);Controlled;4;7;14;8;7;35-40
234574;Diogo Dalot;82;84;2;25;Major;Manchester United;Defender;RWB;22,7;Right;09-06-18;35;105000;8;75;Normal (170-185);Controlled;8;3;6;6;20;35-40
240734;M. O'Riley;79;86;7;23;Major;Brighton & Hove Albion;Midfielder;CM;21,8;Left;26-08-24;35;77000;10;74;Lean (185+);Controlled;11;6;9;9;0;35-40
207410;M. Kovaƒçiƒá;83;83;0;30;Major;Manchester City;Midfielder;CM;25,5;Right;27-06-23;34,5;160000;7;73;Normal (170-185);Controlled Explosive;1;1;1;1;10;30-35
246420;J. Doku;80;86;6;22;Junior;Manchester City;Midfielder;CAM;25,7;Right;24-08-23;34;115000;10;64;Normal (170-185);Explosive;1;1;1;1;10;30-35
226753;A. Onana;84;85;1;28;Major;Manchester United;Goalkeeper;GK;25,8;Right;20-07-23;33,5;90000;82;50;Stocky (185+);Controlled Lengthy;8;3;6;6;20;30-35
235794;E. Eze;81;84;3;26;Major;Crystal Palace;Midfielder;CAM;21,1;Right;28-08-20;33,5;95000;11;71;Lean (170-185);Controlled Explosive;10;11;12;11;0;30-35
186942;ƒ∞. G√ºndoƒüan;85;85;0;33;Senior;Manchester City;Midfielder;CM;24,7;Right;23-08-24;33;195000;10;76;Normal (170-185);Controlled;1;1;1;1;10;30-35
247649;J. Branthwaite;79;86;7;22;Junior;Everton;Defender;CB;19,5;Left;13-01-20;33;51000;10;59;Normal (185+);Controlled Lengthy;15;17;16;16;9;30-35
224371;J. Bowen;82;82;0;27;Major;West Ham United;Attacker;RM;22,9;Left;31-01-20;32,5;110000;11;70;Normal (170-185);Controlled Explosive;9;14;7;10;0;30-35
223334;Joelinton;82;82;0;27;Major;Newcastle United;Midfielder;CM;23,4;Right;23-07-19;32;125000;11;76;Stocky (185+);Controlled Lengthy;7;4;11;7;4;30-35
241159;M. Gu√©hi;81;84;3;23;Major;Crystal Palace;Defender;CB;24,8;Right;18-07-21;31,5;78000;10;66;Normal (170-185);Controlled Lengthy;10;11;12;11;0;30-35
259307;M. Gusto;80;86;6;21;Junior;Chelsea;Defender;RWB;21,1;Right;30-01-23;31,5;81000;10;72;Lean (170-185);Mostly Explosive;6;12;3;7;6;30-35
246174;H. Elliott;78;86;8;21;Junior;Liverpool;Midfielder;CAM;22,7;Left;28-07-19;31,5;61000;9;67;Normal (170-185);Controlled Explosive;3;5;2;3;19;30-35
225539;D. Solanke;81;82;1;26;Major;Tottenham Hotspur;Attacker;ST;22,9;Right;10-08-24;31;120000;11;66;Lean (185+);Controlled Lengthy;5;8;4;6;2;30-35
241464;Pau Torres;82;83;1;27;Major;Aston Villa;Midfielder;CDM;21,9;Left;12-07-23;30,5;120000;12;70;Lean (185+);Controlled Lengthy;4;7;14;8;7;30-35
256612;Evanilson;80;84;4;24;Major;AFC Bournemouth;Attacker;ST;23,5;Right;16-08-24;30,5;69000;10;65;Normal (170-185);Controlled Explosive;12;15;22;16;0;30-35
231943;Richarlison;81;82;1;27;Major;Tottenham Hotspur;Attacker;ST;21;Right;01-07-22;30;120000;10;71;Normal (170-185);Controlled Lengthy;5;8;4;6;2;30-35
242434;C. Jones;80;84;4;23;Major;Liverpool;Midfielder;CM;21,9;Right;01-02-18;30;82000;9;72;Unique;Controlled Lengthy;3;5;2;3;19;30-35
227535;R. Bentancur;81;82;1;27;Major;Tottenham Hotspur;Midfielder;CM;20,9;Right;31-01-22;29,5;110000;11;75;Lean (185+);Controlled Lengthy;5;8;4;6;2;25-30
243014;B. Mbeumo;80;83;3;24;Major;Brentford;Midfielder;CAM;25,6;Left;05-08-19;29;75000;13;72;Normal (170-185);Mostly Explosive;16;9;13;13;0;25-30
248793;M. Wieffer;80;85;5;24;Major;Brighton & Hove Albion;Midfielder;CDM;22,1;Right;05-07-24;29;78000;10;72;Lean (185+);Controlled Lengthy;11;6;9;9;0;25-30
259399;R. H√∏jlund;78;85;7;21;Junior;Manchester United;Attacker;ST;21,7;Left;05-08-23;29;72000;10;63;Normal (185+);Controlled Lengthy;8;3;6;6;20;25-30
269136;K. Mainoo;78;87;9;19;Junior;Manchester United;Midfielder;CAM;24,4;Right;16-05-22;28,5;57000;10;73;Lean (170-185);Controlled Explosive;8;3;6;6;20;25-30
250961;J. Zirkzee;78;85;7;23;Major;Manchester United;Midfielder;CAM;23,9;Right;14-07-24;28,5;83000;10;66;Stocky (185+);Controlled;8;3;6;6;20;25-30
230666;Gabriel Jesus;81;81;0;27;Major;Arsenal;Attacker;RW;23,8;Right;04-07-22;28;135000;10;70;Unique;Explosive;2;2;5;3;13;25-30
229906;L. Bailey;81;81;0;26;Major;Aston Villa;Attacker;LW;24,3;Left;04-08-21;28;115000;12;68;Lean (170-185);Mostly Explosive;4;7;14;8;7;25-30
233927;Lucas Paquet√°;81;81;0;26;Major;West Ham United;Attacker;LM;22,2;Left;29-08-22;28;100000;11;75;Normal (170-185);Controlled;9;14;7;10;0;25-30
231677;M. Rashford;81;81;0;26;Major;Manchester United;Attacker;CF;20,2;Right;21-11-15;28;110000;11;67;Unique;Controlled Lengthy;8;3;6;6;20;25-30
205988;L. Shaw;82;82;0;28;Major;Manchester United;Defender;LB;22,9;Left;27-06-14;27,5;120000;10;75;Stocky (170-185);Controlled Explosive;8;3;6;6;20;25-30
255565;K. Mitoma;81;81;0;27;Major;Brighton & Hove Albion;Attacker;LM;22,4;Right;10-08-21;27,5;100000;11;70;Lean (170-185);Mostly Explosive;11;6;9;9;0;25-30
236401;N. Mazraoui;81;82;1;26;Major;Manchester United;Defender;RB;19,4;Right;13-08-24;27,5;105000;11;73;Lean (170-185);Controlled Lengthy;8;3;6;6;20;25-30
269087;L. Yoro;78;86;8;18;Junior;Manchester United;Defender;CB;20,8;Right;18-07-24;27,5;53000;11;62;Lean (185+);Controlled Lengthy;8;3;6;6;20;25-30
254796;N. Madueke;79;84;5;22;Junior;Chelsea;Midfielder;CAM;22,6;Left;21-01-23;27;95000;10;67;Lean (170-185);Mostly Explosive;6;12;3;7;6;25-30
262118;T. Livramento;78;85;7;21;Junior;Newcastle United;Defender;RWB;21,7;Right;08-08-23;27;65000;11;69;Normal (170-185);Controlled Explosive;7;4;11;7;4;25-30
227678;E. Konsa;81;82;1;26;Major;Aston Villa;Defender;CB;23;Right;11-07-19;26,5;110000;11;69;Lean (170-185);Controlled Lengthy;4;7;14;8;7;25-30
240243;Matheus Cunha;80;82;2;25;Major;Wolverhampton Wanderers;Midfielder;CAM;22,7;Right;01-07-23;26,5;73000;10;70;Lean (170-185);Controlled Lengthy;14;13;10;12;3;25-30
248465;I. Maatsen;79;85;6;22;Junior;Aston Villa;Defender;LB;18;Left;28-06-24;26,5;85000;11;72;Lean (170-185);Mostly Explosive;4;7;14;8;7;25-30
251421;B. Johnson;79;84;5;23;Major;Tottenham Hotspur;Attacker;RM;21,1;Right;01-09-23;26,5;90000;10;66;Lean (185+);Controlled;5;8;4;6;2;25-30
242641;R. A√Øt-Nouri;79;85;6;23;Major;Wolverhampton Wanderers;Defender;LB;21,6;Left;09-07-21;26;58000;12;71;Lean (170-185);Mostly Explosive;14;13;10;12;3;25-30
259868;P. Sarr;79;85;6;21;Junior;Tottenham Hotspur;Midfielder;CM;20,7;Right;27-08-21;26;67000;10;71;Lean (170-185);Controlled Lengthy;5;8;4;6;2;25-30
271574;R. Lewis;78;85;7;19;Junior;Manchester City;Defender;RWB;24,5;Right;01-07-22;26;69000;11;68;Lean (170-);Explosive;1;1;1;1;10;25-30
259240;A. Wharton;78;85;7;20;Junior;Crystal Palace;Midfielder;CDM;21,1;Left;01-02-24;26;53000;9;71;Lean (170-185);Controlled Explosive;10;11;12;11;0;25-30
209989;T. Partey;83;83;0;31;Senior;Arsenal;Midfielder;CDM;22,5;Right;05-10-20;25,5;145000;10;73;Lean (185+);Controlled Lengthy;2;2;5;3;13;25-30
205431;N. F√ºllkrug;82;82;0;31;Senior;West Ham United;Attacker;ST;23,5;Right;05-08-24;25,5;125000;11;68;Stocky (185+);Controlled Lengthy;9;14;7;10;0;25-30
210881;J. McGinn;81;81;0;29;Major;Aston Villa;Midfielder;CM;21,5;Left;08-08-18;25,5;120000;11;77;Stocky (170-185);Controlled Explosive;4;7;14;8;7;25-30
278016;Murillo;79;85;6;21;Junior;Nottingham Forest;Defender;CB;23,1;Left;31-08-23;25,5;48000;12;67;Stocky (170-185);Controlled Explosive;17;16;24;19;1;25-30
262859;L. Colwill;79;85;6;21;Junior;Chelsea;Defender;CB;23,7;Left;26-02-20;25,5;76000;12;67;Lean (185+);Controlled Lengthy;6;12;3;7;6;25-30
238616;Pedro Neto;79;83;4;24;Major;Chelsea;Midfielder;CAM;20,7;Left;11-08-24;25;95000;9;66;Unique;Explosive;6;12;3;7;6;25-30
242619;C. Doucour√©;79;84;5;24;Major;Crystal Palace;Midfielder;CDM;22,5;Right;11-07-22;24,5;69000;13;69;Normal (170-185);Controlled;10;11;12;11;0;20-25
257057;A. Onana;79;84;5;22;Junior;Aston Villa;Defender;CB;20,6;Right;22-07-24;24,5;85000;10;70;Lean (185+);Controlled Lengthy;4;7;14;8;7;20-25
200145;Casemiro;83;83;0;32;Senior;Manchester United;Midfielder;CDM;24,5;Right;19-08-22;24;130000;13;73;Unique;Controlled;8;3;6;6;20;20-25
233934;A. Ramsdale;81;83;2;26;Major;Southampton;Goalkeeper;GK;21,1;Right;30-08-24;24;44000;81;46;Lean (185+);Controlled;24;20;15;20;0;20-25
236015;M. Gibbs-White;79;82;3;24;Major;Nottingham Forest;Midfielder;CAM;22,5;Right;19-08-22;24;61000;11;72;Normal (170-185);Controlled Explosive;17;16;24;19;1;20-25
248695;W. Fofana;79;84;5;23;Major;Chelsea;Defender;CB;24,3;Right;31-08-22;24;90000;11;65;Normal (185+);Controlled Lengthy;6;12;3;7;6;20-25
234742;H. Barnes;80;80;0;26;Major;Newcastle United;Attacker;CF;21;Right;23-07-23;23;115000;8;67;Normal (185+);Controlled Lengthy;7;4;11;7;4;20-25
238095;N. Milenkoviƒá;80;82;2;26;Major;Nottingham Forest;Defender;CB;23,7;Right;18-07-24;23;69000;10;63;Normal (185+);Controlled Lengthy;17;16;24;19;1;20-25
229348;A. Robinson;80;81;1;26;Major;Fulham;Defender;LB;20,9;Left;20-08-20;22,5;84000;12;70;Lean (185+);Controlled Lengthy;13;10;21;15;0;20-25
251805;J. Timber;79;83;4;23;Major;Arsenal;Defender;CB;24,3;Right;14-07-23;22,5;90000;10;68;Normal (170-185);Controlled Explosive;2;2;5;3;13;20-25
245388;J. Todibo;79;83;4;24;Major;West Ham United;Defender;CB;24,4;Right;27-06-21;22,5;32000;10;66;Normal (185+);Controlled Lengthy;9;14;7;10;0;20-25
235844;E. √Ålvarez;80;81;1;26;Major;West Ham United;Defender;CB;20,9;Right;10-08-23;22;90000;8;70;Normal (185+);Controlled Lengthy;9;14;7;10;0;20-25
263620;R. Lavia;77;85;8;20;Junior;Chelsea;Midfielder;CDM;23,2;Right;18-08-23;22;65000;9;68;Normal (170-185);Controlled;6;12;3;7;6;20-25
225659;G. Rodr√≠guez;81;81;0;30;Major;West Ham United;Midfielder;CDM;23,4;Right;06-08-24;21,5;100000;12;69;Lean (185+);Controlled Lengthy;9;14;7;10;0;20-25
236480;Y. Bissouma;80;81;1;27;Major;Tottenham Hotspur;Midfielder;CDM;23,5;Right;17-06-22;21,5;95000;10;74;Lean (170-185);Controlled;5;8;4;6;2;20-25
260247;M. Rogers;78;83;5;21;Junior;Aston Villa;Midfielder;CAM;22,6;Right;01-02-24;21,5;70000;11;70;Normal (185+);Controlled Lengthy;4;7;14;8;7;20-25
196978;C. Wilson;81;81;0;32;Senior;Newcastle United;Attacker;ST;20,4;Right;07-09-20;21;130000;10;67;Normal (170-185);Controlled;7;4;11;7;4;20-25
225100;J. Gomez;80;81;1;27;Major;Liverpool;Defender;CB;21,8;Right;20-06-15;21;90000;10;65;Unique;Controlled Lengthy;3;5;2;3;19;20-25
257711;R. Calafiori;78;84;6;22;Junior;Arsenal;Defender;CB;24,3;Left;29-07-24;21;82000;8;71;Normal (185+);Controlled Lengthy;2;2;5;3;13;20-25
247172;J. Dur√°n;77;84;7;20;Junior;Aston Villa;Attacker;ST;20;Left;23-01-23;21;72000;7;61;Normal (185+);Controlled Lengthy;4;7;14;8;7;20-25
205498;Jorginho;82;82;0;32;Senior;Arsenal;Midfielder;CDM;21,5;Right;31-01-23;20,5;135000;11;72;Lean (170-185);Controlled;2;2;5;3;13;20-25
204935;J. Pickford;82;82;0;30;Major;Everton;Goalkeeper;GK;22,5;Left;15-06-17;20,5;49000;83;51;Normal (185+);Controlled Lengthy;15;17;16;16;9;20-25
202652;R. Sterling;80;80;0;29;Major;Arsenal;Attacker;RW;23,3;Right;13-07-22;20,5;120000;13;69;Unique;Explosive;2;2;5;3;13;20-25
236461;J. Mateta;79;80;1;27;Major;Crystal Palace;Attacker;ST;23,9;Right;31-01-22;20,5;90000;9;63;Stocky (185+);Controlled Lengthy;10;11;12;11;0;20-25
260908;M. Kerkez;78;84;6;20;Junior;AFC Bournemouth;Defender;LWB;21,9;Left;20-07-23;20,5;43000;11;70;Normal (170-185);Mostly Explosive;12;15;22;16;0;20-25
210047;F. Sch√§r;82;82;0;32;Senior;Newcastle United;Defender;CB;23,8;Right;26-07-18;20;125000;11;73;Normal (185+);Controlled Lengthy;7;4;11;7;4;20-25
246923;J. Ramsey;78;82;4;23;Major;Aston Villa;Midfielder;CAM;22,2;Right;01-07-17;20;81000;10;72;Normal (170-185);Controlled Explosive;4;7;14;8;7;20-25
240740;C. Hudson-Odoi;78;82;4;23;Major;Nottingham Forest;Midfielder;CAM;22,9;Right;01-09-23;20;54000;12;68;Normal (170-185);Mostly Explosive;17;16;24;19;1;20-25
273463;Jo√£o Gomes;78;83;5;23;Major;Wolverhampton Wanderers;Midfielder;CDM;23,9;Right;30-01-23;19,5;53000;12;72;Normal (170-185);Controlled;14;13;10;12;3;15-20
244067;M. Lacroix;77;84;7;24;Major;Crystal Palace;Defender;CB;24,4;Right;30-08-24;19,5;59000;11;63;Normal (185+);Controlled Lengthy;10;11;12;11;0;15-20
237942;P. Estupi√±√°n;79;80;1;26;Major;Brighton & Hove Albion;Defender;LB;25,8;Left;16-08-22;19;85000;10;71;Normal (170-185);Controlled;11;6;9;9;0;15-20
229880;A. Wan-Bissaka;79;80;1;26;Major;West Ham United;Defender;RB;21,5;Right;13-08-24;19;85000;8;68;Unique;Controlled Lengthy;9;14;7;10;0;15-20
227174;M. Cash;79;80;1;26;Major;Aston Villa;Defender;RB;21,6;Right;03-09-20;19;100000;13;71;Normal (185+);Controlled Lengthy;4;7;14;8;7;15-20
240273;E. Smith Rowe;78;81;3;23;Major;Fulham;Midfielder;CAM;22;Right;02-08-24;19;67000;10;66;Normal (170-185);Controlled Explosive;13;10;21;15;0;15-20
243282;D. McNeil;78;81;3;24;Major;Everton;Midfielder;CAM;20,9;Left;28-07-22;19;48000;12;69;Lean (170-185);Controlled;15;17;16;16;9;15-20
234824;Y. Wissa;79;79;0;27;Major;Brentford;Attacker;LW;23,9;Right;10-08-21;18,5;81000;10;64;Lean (170-185);Mostly Explosive;16;9;13;13;0;15-20
232730;D. Kamada;79;79;0;27;Major;Crystal Palace;Midfielder;CAM;21,3;Right;01-07-24;18,5;85000;9;69;Lean (170-185);Controlled;10;11;12;11;0;15-20
237386;K. Dewsbury-Hall;78;81;3;25;Major;Chelsea;Midfielder;CM;25,2;Left;02-07-24;18,5;95000;11;73;Lean (170-185);Controlled;6;12;3;7;6;15-20
233064;M. Mount;78;81;3;25;Major;Manchester United;Midfielder;CAM;22,6;Right;05-07-23;18,5;83000;11;72;Lean (170-185);Controlled Explosive;8;3;6;6;20;15-20
258485;F. J√∂rgensen;77;84;7;22;Junior;Chelsea;Goalkeeper;GK;23,1;Right;30-07-24;18,5;45000;77;42;Lean (185+);Controlled;6;12;3;7;6;15-20
258498;B. Verbruggen;77;84;7;21;Junior;Brighton & Hove Albion;Goalkeeper;GK;23,9;Right;03-07-23;18,5;26000;76;41;Lean (185+);Controlled Lengthy;11;6;9;9;0;15-20
203841;N. Pope;83;83;0;32;Senior;Newcastle United;Goalkeeper;GK;22,7;Right;23-06-22;18;90000;81;44;Normal (185+);Controlled Lengthy;7;4;11;7;4;15-20
200458;L. Digne;80;80;0;30;Major;Aston Villa;Defender;LB;23,4;Left;13-01-22;18;110000;9;75;Unique;Controlled;4;7;14;8;7;15-20
224221;J. Andersen;80;80;0;28;Major;Fulham;Defender;CB;24,4;Right;23-08-24;18;88000;12;68;Normal (185+);Controlled Lengthy;13;10;21;15;0;15-20
240913;C. Kelleher;79;82;3;25;Major;Liverpool;Goalkeeper;GK;22,9;Right;01-07-17;18;50000;78;42;Lean (185+);Controlled Lengthy;3;5;2;3;19;15-20
230918;T. Chalobah;78;82;4;24;Major;Crystal Palace;Defender;CB;20,3;Right;29-06-16;18;82000;7;66;Lean (185+);Controlled Lengthy;10;11;12;11;0;15-20
212188;T. Werner;79;79;0;28;Major;Tottenham Hotspur;Attacker;LW;23,5;Right;09-08-22;17,5;61000;10;66;Unique;Mostly Explosive;5;8;4;6;2;15-20
253124;Matheus Nunes;78;80;2;25;Major;Manchester City;Midfielder;CAM;22,7;Right;01-09-23;17,5;100000;12;73;Lean (170-185);Controlled Lengthy;1;1;1;1;10;15-20
205569;J. Ward-Prowse;79;79;0;29;Major;Nottingham Forest;Midfielder;CM;22,1;Right;14-08-23;17;95000;13;73;Normal (170-185);Controlled;17;16;24;19;1;15-20
227813;O. Zinchenko;79;79;0;27;Major;Arsenal;Midfielder;CM;20,9;Left;22-07-22;17;105000;12;75;Lean (170-185);Controlled Explosive;2;2;5;3;13;15-20
226491;K. Tierney;79;79;0;27;Major;Arsenal;Defender;LB;22,5;Left;08-08-19;17;105000;12;72;Lean (170-185);Controlled Explosive;2;2;5;3;13;15-20
232938;T. Tomiyasu;78;81;3;25;Major;Arsenal;Defender;CB;23,8;Right;31-08-21;17;90000;9;65;Lean (185+);Controlled Lengthy;2;2;5;3;13;15-20
252042;Jo√£o Pedro;77;83;6;22;Junior;Brighton & Hove Albion;Attacker;ST;21,1;Right;14-06-23;17;72000;9;62;Lean (170-185);Controlled Explosive;11;6;9;9;0;15-20
251954;C. Summerville;76;84;8;22;Junior;West Ham United;Attacker;RM;22,4;Right;03-08-24;17;61000;11;62;Lean (170-);Explosive;9;14;7;10;0;15-20
254088;Amad;76;85;9;21;Junior;Manchester United;Midfielder;CAM;22,4;Left;07-01-21;17;56000;11;63;Lean (170-185);Explosive;8;3;6;6;20;15-20
245637;G. Rutter;76;84;8;22;Junior;Brighton & Hove Albion;Midfielder;CAM;23,2;Left;19-08-24;17;63000;10;65;Normal (170-185);Controlled;11;6;9;9;0;15-20
228789;Robert S√°nchez;79;81;2;26;Major;Chelsea;Goalkeeper;GK;23,2;Right;05-08-23;16,5;67000;78;45;Lean (185+);Controlled Lengthy;6;12;3;7;6;15-20
229942;A. Disasi;78;81;3;26;Major;Chelsea;Defender;CB;23,8;Right;04-08-23;16,5;95000;9;62;Normal (185+);Controlled Lengthy;6;12;3;7;6;15-20
222104;T. Adarabioyo;78;81;3;26;Major;Chelsea;Defender;CB;20,8;Right;01-07-24;16,5;95000;11;62;Lean (185+);Controlled Lengthy;6;12;3;7;6;15-20
246340;M. Mudryk;77;83;6;23;Major;Chelsea;Midfielder;CAM;19,9;Right;15-01-23;16,5;81000;10;65;Normal (170-185);Explosive;6;12;3;7;6;15-20
267680;A. Fatawu;76;85;9;20;Junior;Leicester City;Midfielder;CAM;23,3;Left;16-07-24;16,5;39000;8;67;Normal (170-185);Mostly Explosive;21;18;8;16;1;15-20
186345;K. Trippier;82;82;0;33;Senior;Newcastle United;Defender;RB;23,7;Right;07-01-22;16;125000;11;76;Normal (170-185);Controlled;7;4;11;7;4;15-20
237646;D. Mu√±oz;79;79;0;28;Major;Crystal Palace;Defender;RB;22,3;Right;30-01-24;16;83000;9;73;Normal (170-185);Controlled;10;11;12;11;0;15-20
257470;A. Elanga;77;82;5;22;Junior;Nottingham Forest;Attacker;RM;22,1;Right;25-07-23;16;51000;10;65;Lean (170-185);Mostly Explosive;17;16;24;19;1;15-20
242000;K. Mavropanos;78;80;2;26;Major;West Ham United;Defender;CB;23,6;Right;22-08-23;15,5;77000;10;63;Normal (185+);Controlled Lengthy;9;14;7;10;0;15-20
258781;I. Zabarnyi;77;83;6;21;Junior;AFC Bournemouth;Defender;CB;22,4;Right;31-01-23;15,5;41000;12;62;Normal (185+);Controlled Lengthy;12;15;22;16;0;15-20
242453;S. van den Berg;77;83;6;22;Junior;Brentford;Defender;CB;23,6;Right;22-08-24;15,5;53000;11;63;Normal (185+);Controlled Lengthy;16;9;13;13;0;15-20
264298;C. Bradley;76;84;8;20;Junior;Liverpool;Defender;RWB;21,7;Right;01-06-20;15,5;49000;10;68;Lean (170-185);Controlled Explosive;3;5;2;3;19;15-20
192563;B. Leno;82;82;0;32;Senior;Fulham;Goalkeeper;GK;23,2;Right;02-08-22;15;67000;81;45;Normal (185+);Controlled Lengthy;13;10;21;15;0;15-20
232487;W. Endo;80;80;0;31;Senior;Liverpool;Midfielder;CDM;24,3;Right;18-08-23;15;95000;9;71;Normal (170-185);Controlled Explosive;3;5;2;3;19;15-20
213991;J. Lerma;79;79;0;29;Major;Crystal Palace;Midfielder;CDM;21,8;Right;01-07-23;15;83000;11;74;Normal (170-185);Controlled;10;11;12;11;0;15-20
233306;D. Henderson;79;80;1;27;Major;Crystal Palace;Goalkeeper;GK;24;Right;31-08-23;15;51000;78;43;Normal (185+);Controlled;10;11;12;11;0;15-20
236792;T. Souƒçek;79;79;0;29;Major;West Ham United;Midfielder;CDM;23,3;Right;27-07-20;15;89000;9;71;Lean (185+);Controlled Lengthy;9;14;7;10;0;15-20
241236;A. Semenyo;77;81;4;24;Major;AFC Bournemouth;Attacker;ST;23,1;Right;27-01-23;15;51000;11;64;Stocky (185+);Controlled Lengthy;12;15;22;16;0;15-20
237329;J. Willock;77;81;4;24;Major;Newcastle United;Midfielder;CAM;20,5;Right;13-08-21;15;76000;9;71;Lean (185+);Controlled Lengthy;7;4;11;7;4;15-20
260779;S. Adingra;76;83;7;22;Junior;Brighton & Hove Albion;Midfielder;CAM;22,2;Right;01-07-22;15;61000;10;61;Lean (170-185);Explosive;11;6;9;9;0;15-20
202695;J. Tarkowski;80;80;0;31;Senior;Everton;Defender;CB;22,9;Right;02-07-22;14,5;65000;10;64;Stocky (185+);Controlled Lengthy;15;17;16;16;9;oct-15
203263;H. Maguire;80;80;0;31;Senior;Manchester United;Defender;CB;26,8;Right;05-08-19;14,5;100000;12;66;Stocky (185+);Controlled;8;3;6;6;20;oct-15
212811;M. Lemina;79;79;0;30;Major;Wolverhampton Wanderers;Midfielder;CDM;25,1;Right;13-01-23;14,5;71000;12;74;Normal (170-185);Controlled Lengthy;14;13;10;12;3;oct-15
224294;L. Cook;78;79;1;27;Major;AFC Bournemouth;Midfielder;CDM;23,2;Right;08-07-16;14,5;59000;12;70;Normal (170-185);Controlled;12;15;22;16;0;oct-15
269421;Jota Silva;77;80;3;24;Major;Nottingham Forest;Attacker;RM;24;Right;01-08-24;14,5;51000;10;66;Normal (170-185);Mostly Explosive;17;16;24;19;1;oct-15
242578;B. Badiashile;77;82;5;23;Major;Chelsea;Defender;CB;19,9;Left;05-01-23;14,5;77000;9;63;Normal (185+);Controlled Lengthy;6;12;3;7;6;oct-15
208450;Andreas Pereira;78;78;0;28;Major;Fulham;Midfielder;CAM;20,8;Right;11-07-22;14;80000;11;74;Normal (170-185);Controlled Explosive;13;10;21;15;0;oct-15
213655;A. Iwobi;78;78;0;28;Major;Fulham;Attacker;LM;23,1;Right;01-09-23;14;79000;12;68;Normal (170-185);Controlled;13;10;21;15;0;oct-15
206594;S. March;78;78;0;29;Major;Brighton & Hove Albion;Attacker;RM;23,8;Left;18-12-12;14;84000;11;70;Lean (170-185);Controlled Explosive;11;6;9;9;0;oct-15
236506;M. Senesi;78;79;1;27;Major;AFC Bournemouth;Defender;CB;21,9;Left;08-08-22;14;59000;10;65;Normal (185+);Controlled Lengthy;12;15;22;16;0;oct-15
236920;J. Kluivert;77;80;3;25;Major;AFC Bournemouth;Midfielder;CAM;22,6;Right;01-07-23;14;57000;9;66;Normal (170-185);Explosive;12;15;22;16;0;oct-15
237658;S. Bueno;77;82;5;25;Major;Wolverhampton Wanderers;Defender;CB;21,1;Right;31-08-23;14;55000;9;58;Lean (185+);Controlled Lengthy;14;13;10;12;3;oct-15
188377;K. Walker;83;83;0;34;Senior;Manchester City;Defender;RB;24,8;Right;14-07-17;13,5;155000;11;76;Unique;Controlled Lengthy;1;1;1;1;10;oct-15
200159;S. Ortega;81;81;0;31;Senior;Manchester City;Goalkeeper;GK;25,7;Right;01-07-22;13,5;86000;81;48;Normal (185+);Controlled Lengthy;1;1;1;1;10;oct-15
229984;B. Chilwell;78;78;0;27;Major;Chelsea;Defender;LB;23,5;Left;26-08-20;13,5;95000;10;72;Normal (170-185);Controlled;6;12;3;7;6;oct-15
199189;R. Barkley;78;78;0;30;Major;Aston Villa;Midfielder;CM;22;Right;01-07-24;13,5;95000;10;70;Normal (185+);Controlled Lengthy;4;7;14;8;7;oct-15
240947;T. Mitchell;77;80;3;24;Major;Crystal Palace;Defender;LB;21,6;Left;01-07-17;13,5;59000;11;65;Lean (170-185);Controlled Explosive;10;11;12;11;0;oct-15
242916;Y. Sugawara;77;80;3;24;Major;Southampton;Defender;RB;21,5;Right;14-07-24;13,5;45000;10;70;Lean (170-185);Mostly Explosive;24;20;15;20;0;oct-15
226790;W. Ndidi;78;78;0;27;Major;Leicester City;Midfielder;CDM;22,1;Right;05-01-17;13;53000;11;71;Lean (170-185);Controlled Lengthy;21;18;8;16;1;oct-15
241042;O. Skipp;77;80;3;23;Major;Leicester City;Midfielder;CDM;22,9;Right;19-08-24;13;43000;8;65;Normal (170-185);Controlled;21;18;8;16;1;oct-15
237477;M. Tavernier;77;79;2;25;Major;AFC Bournemouth;Attacker;LM;22,1;Left;01-08-22;13;56000;10;69;Normal (170-185);Controlled Explosive;12;15;22;16;0;oct-15
244380;V. Mykolenko;77;80;3;25;Major;Everton;Defender;LB;21,9;Left;01-01-22;13;48000;11;65;Normal (170-185);Controlled;15;17;16;16;9;oct-15
246158;M. Hermansen;77;82;5;23;Major;Leicester City;Goalkeeper;GK;23,7;Right;18-07-23;13;25000;78;43;Normal (185+);Controlled;21;18;8;16;1;oct-15
217036;√Ålex Moreno;79;79;0;31;Senior;Nottingham Forest;Defender;LB;21,2;Left;11-01-23;12,5;100000;11;73;Normal (170-185);Mostly Explosive;17;16;24;19;1;oct-15
210736;Emerson;78;78;0;29;Major;West Ham United;Defender;LB;25,5;Left;23-08-22;12,5;81000;10;72;Lean (170-185);Controlled Explosive;9;14;7;10;0;oct-15
232223;K. Tsimikas;78;78;0;28;Major;Liverpool;Defender;LB;24;Left;10-08-20;12,5;81000;10;71;Normal (170-185);Controlled;3;5;2;3;19;oct-15
223197;E. √únal;77;78;1;27;Major;AFC Bournemouth;Attacker;ST;22,3;Right;14-06-24;12,5;63000;11;67;Lean (185+);Controlled Lengthy;12;15;22;16;0;oct-15
257504;B. El Khannouss;75;85;10;20;Junior;Leicester City;Midfielder;CAM;21,6;Right;29-08-24;12,5;35000;11;61;Lean (170-185);Controlled Explosive;21;18;8;16;1;oct-15
219693;Diego Carlos;79;79;0;31;Senior;Aston Villa;Defender;CB;22,8;Right;01-07-22;12;100000;10;65;Stocky (185+);Controlled Lengthy;4;7;14;8;7;oct-15
212419;T. Mings;79;79;0;31;Senior;Aston Villa;Defender;CB;20;Left;08-07-19;12;100000;10;64;Normal (185+);Controlled Lengthy;4;7;14;8;7;oct-15
227928;N√©lson Semedo;78;78;0;30;Major;Wolverhampton Wanderers;Defender;RB;22;Right;23-09-20;12;64000;13;69;Unique;Controlled Explosive;14;13;10;12;3;oct-15
221660;V. Lindel√∂f;78;78;0;29;Major;Manchester United;Midfielder;CDM;22,9;Right;01-07-17;12;87000;10;68;Lean (185+);Controlled Lengthy;8;3;6;6;20;oct-15
232999;T. Adams;77;79;2;25;Major;AFC Bournemouth;Midfielder;CDM;23,5;Right;20-08-23;12;53000;9;68;Normal (170-185);Controlled Explosive;12;15;22;16;0;oct-15
234153;Carlos Soler;77;78;1;27;Major;West Ham United;Midfielder;CAM;23,5;Right;01-09-22;12;66000;10;73;Normal (170-185);Controlled Explosive;9;14;7;10;0;oct-15
241585;Igor;77;80;3;26;Major;Brighton & Hove Albion;Defender;CB;24,5;Left;26-07-23;12;72000;11;61;Stocky (185+);Controlled Lengthy;11;6;9;9;0;oct-15
245336;M. Kilman;77;80;3;27;Major;West Ham United;Defender;CB;23,6;Left;06-07-24;12;72000;10;62;Normal (185+);Controlled Lengthy;9;14;7;10;0;oct-15
254243;E. Anderson;76;82;6;21;Junior;Nottingham Forest;Midfielder;CAM;22,2;Right;01-07-24;12;40000;8;71;Normal (170-185);Controlled;17;16;24;19;1;oct-15
275771;Igor Thiago;76;82;6;23;Major;Brentford;Attacker;ST;24,1;Right;01-07-24;12;57000;12;61;Stocky (185+);Controlled Lengthy;16;9;13;13;0;oct-15
238756;J. Larsen;76;82;6;24;Major;Wolverhampton Wanderers;Attacker;ST;21;Right;01-09-22;12;25000;10;61;Lean (185+);Controlled Lengthy;14;13;10;12;3;oct-15
269495;F. Buonanotte;75;83;8;19;Junior;Leicester City;Midfielder;CAM;21,8;Left;01-01-23;12;47000;9;60;Lean (170-185);Controlled Explosive;21;18;8;16;1;oct-15
270857;Mateus Fernandes;75;85;10;19;Junior;Southampton;Midfielder;CAM;22,7;Right;20-08-24;12;34000;7;67;Normal (170-185);Controlled Explosive;24;20;15;20;0;oct-15
273651;J. Quansah;75;83;8;21;Junior;Liverpool;Defender;CB;22,2;Right;28-01-21;12;47000;9;62;Lean (185+);Controlled Lengthy;3;5;2;3;19;oct-15
199915;L. Dunk;79;79;0;32;Senior;Brighton & Hove Albion;Defender;CB;23,9;Right;30-04-10;11,5;89000;12;65;Normal (185+);Controlled;11;6;9;9;0;oct-15
192123;C. Wood;78;78;0;32;Senior;Nottingham Forest;Attacker;ST;25,2;Right;14-06-23;11,5;70000;14;63;Normal (185+);Controlled Lengthy;17;16;24;19;1;oct-15
224494;R. Henry;77;78;1;26;Major;Brentford;Defender;LB;22,8;Left;31-08-16;11,5;61000;11;66;Lean (170-);Explosive;16;9;13;13;0;oct-15
235173;I. Sangar√©;77;79;2;26;Major;Nottingham Forest;Defender;CB;21,1;Right;01-09-23;11,5;56000;9;70;Lean (185+);Controlled Lengthy;17;16;24;19;1;oct-15
248808;A. Hickey;76;82;6;22;Junior;Brentford;Defender;RWB;21;Right;09-07-22;11,5;49000;11;67;Lean (185+);Controlled;16;9;13;13;0;oct-15
258930;C. Archer;75;82;7;22;Junior;Southampton;Attacker;ST;23,2;Right;16-08-24;11,5;46000;9;60;Normal (170-185);Controlled Explosive;24;20;15;20;0;oct-15
261336;J. Philogene;75;82;7;22;Junior;Aston Villa;Midfielder;CAM;20,9;Right;19-07-24;11,5;67000;9;62;Lean (170-185);Mostly Explosive;4;7;14;8;7;oct-15
266127;L. Hall;75;84;9;19;Junior;Newcastle United;Defender;LWB;22,2;Left;01-07-24;11,5;51000;11;70;Normal (170-185);Controlled Explosive;7;4;11;7;4;oct-15
272500;C. Baleba;75;84;9;20;Junior;Brighton & Hove Albion;Midfielder;CDM;23,4;Left;29-08-23;11,5;47000;10;69;Normal (170-185);Controlled Explosive;11;6;9;9;0;oct-15
193105;A. Areola;80;80;0;31;Senior;West Ham United;Goalkeeper;GK;24,7;Right;01-07-22;11;61000;78;47;Unique;Controlled Lengthy;9;14;7;10;0;oct-15
190460;C. Eriksen;78;78;0;32;Senior;Manchester United;Midfielder;CM;22,9;Right;15-07-22;11;90000;9;65;Unique;Controlled;8;3;6;6;20;oct-15
226162;E. Buend√≠a;77;77;0;27;Major;Aston Villa;Midfielder;CAM;24,3;Right;10-06-21;11;87000;10;72;Stocky (170-185);Controlled Explosive;4;7;14;8;7;oct-15
226380;Hwang Hee Chan;77;77;0;28;Major;Wolverhampton Wanderers;Attacker;ST;24,6;Right;01-07-22;11;68000;11;66;Normal (170-185);Mostly Explosive;14;13;10;12;3;oct-15
245279;Reguil√≥n;77;78;1;27;Major;Tottenham Hotspur;Defender;LB;21,5;Left;19-09-20;11;78000;10;70;Lean (170-185);Mostly Explosive;5;8;4;6;2;oct-15
237819;N. Dom√≠nguez;77;78;1;26;Major;Nottingham Forest;Midfielder;CDM;22,8;Right;01-09-23;11;56000;8;71;Lean (170-185);Controlled Explosive;17;16;24;19;1;oct-15
255475;Antony;76;80;4;24;Major;Manchester United;Midfielder;CAM;21,3;Left;01-09-22;11;66000;11;66;Lean (170-185);Explosive;8;3;6;6;20;oct-15
261188;I. Ndiaye;76;80;4;24;Major;Everton;Midfielder;CAM;21,6;Right;03-07-24;11;42000;9;64;Lean (170-185);Mostly Explosive;15;17;16;16;9;oct-15
265693;J. Kiwior;76;82;6;24;Major;Arsenal;Defender;CB;21;Left;23-01-23;11;72000;9;63;Lean (185+);Controlled Lengthy;2;2;5;3;13;oct-15
258908;J. van Hecke;76;82;6;24;Major;Brighton & Hove Albion;Defender;CB;22,1;Right;10-09-20;11;58000;8;63;Lean (185+);Controlled Lengthy;11;6;9;9;0;oct-15
256008;Morato;76;82;6;23;Major;Nottingham Forest;Defender;CB;23,9;Left;30-08-24;11;45000;10;60;Normal (185+);Controlled Lengthy;17;16;24;19;1;oct-15
229723;M. Jensen;77;77;0;28;Major;Brentford;Midfielder;CM;21;Right;10-07-19;10,5;67000;10;70;Lean (170-185);Controlled;16;9;13;13;0;oct-15
236988;E. Nketiah;76;80;4;25;Major;Crystal Palace;Attacker;ST;22,5;Right;30-08-24;10,5;69000;9;59;Normal (170-185);Mostly Explosive;10;11;12;11;0;oct-15
246685;L. Davis;76;81;5;24;Major;Ipswich Town;Defender;LWB;21,1;Left;25-07-22;10,5;42000;10;70;Normal (170-185);Controlled Explosive;22;51;42;38;1;oct-15
74866;Andr√©;75;82;7;22;Junior;Wolverhampton Wanderers;Midfielder;CDM;24,6;Right;30-08-24;10,5;44000;8;64;Normal (170-185);Controlled;14;13;10;12;3;oct-15
252793;T. Harwood-Bellis;75;82;7;22;Junior;Southampton;Defender;CB;20,7;Right;01-07-24;10,5;40000;10;62;Normal (185+);Controlled Lengthy;24;20;15;20;0;oct-15
260105;R. DrƒÉgu»ôin;75;82;7;22;Junior;Tottenham Hotspur;Defender;CB;21,9;Right;12-01-24;10,5;60000;11;61;Normal (185+);Controlled Lengthy;5;8;4;6;2;oct-15
230977;M. Almir√≥n;77;77;0;30;Major;Newcastle United;Attacker;RW;23,1;Left;31-01-19;10;95000;11;69;Lean (170-185);Explosive;7;4;11;7;4;oct-15
224656;O. Aina;77;77;0;27;Major;Nottingham Forest;Defender;RB;24,2;Right;22-07-23;10;56000;10;70;Normal (170-185);Controlled;17;16;24;19;1;oct-15
238041;T. Malacia;76;80;4;24;Major;Manchester United;Defender;LB;23,5;Left;05-07-22;10;63000;9;68;Normal (170-);Controlled Explosive;8;3;6;6;20;oct-15
231448;R. Nelson;76;79;3;24;Major;Fulham;Midfielder;CAM;22,9;Right;23-12-16;10;76000;12;62;Lean (170-185);Explosive;13;10;21;15;0;oct-15
273106;Danilo;76;80;4;23;Major;Nottingham Forest;Midfielder;CDM;22,3;Left;16-01-23;10;45000;8;68;Lean (170-185);Controlled;17;16;24;19;1;oct-15
243057;N. Williams;76;80;4;23;Major;Nottingham Forest;Defender;RB;21,5;Right;10-07-22;10;45000;11;66;Lean (170-185);Controlled;17;16;24;19;1;oct-15
258607;Toti;76;81;5;25;Major;Wolverhampton Wanderers;Defender;CB;20,6;Left;04-09-20;10;51000;9;66;Normal (185+);Controlled Lengthy;14;13;10;12;3;oct-15
271800;Y. Minteh;74;86;12;19;Junior;Brighton & Hove Albion;Attacker;LM;20,1;Left;30-06-24;10;43000;9;62;Lean (170-185);Mostly Explosive;11;6;9;9;0;oct-15
206585;Kepa;78;78;0;29;Major;AFC Bournemouth;Goalkeeper;GK;23,8;Right;08-08-18;9,5;65000;78;44;Lean (185+);Controlled;12;15;22;16;0;09-oct
238717;E. Pinnock;78;78;0;31;Senior;Brentford;Defender;CB;21;Left;02-07-19;9,5;68000;8;61;Lean (185+);Controlled Lengthy;16;9;13;13;0;09-oct
216266;K. Tete;77;77;0;28;Major;Fulham;Defender;RB;21,9;Right;10-09-20;9,5;71000;10;67;Normal (170-185);Controlled Explosive;13;10;21;15;0;09-oct
233500;L. Sinisterra;76;78;2;25;Major;AFC Bournemouth;Midfielder;CAM;20,3;Right;09-02-24;9,5;52000;12;67;Normal (170-185);Explosive;12;15;22;16;0;09-oct
234078;O. Mangala;76;79;3;26;Major;Everton;Midfielder;CM;25,2;Right;02-07-24;9,5;41000;7;69;Normal (170-185);Controlled;15;17;16;16;9;09-oct
241436;C. Bassey;76;80;4;24;Major;Fulham;Defender;CB;25,7;Left;28-07-23;9,5;55000;7;66;Normal (185+);Controlled Lengthy;13;10;21;15;0;09-oct
250954;C. Richards;76;80;4;24;Major;Crystal Palace;Defender;CB;24,6;Right;27-07-22;9,5;55000;9;59;Lean (185+);Controlled Lengthy;10;11;12;11;0;09-oct
256725;F√°bio Carvalho;74;83;9;21;Junior;Brentford;Midfielder;CAM;21,5;Right;12-08-24;9,5;40000;9;61;Lean (170-);Explosive;16;9;13;13;0;09-oct
254120;T. Doyle;74;82;8;22;Junior;Wolverhampton Wanderers;Midfielder;CM;24,7;Right;01-07-24;9,5;43000;11;68;Lean (170-185);Controlled;14;13;10;12;3;09-oct
260145;O. Hutchinson;74;83;9;20;Junior;Ipswich Town;Midfielder;CAM;21,5;Left;30-06-24;9,5;33000;8;66;Lean (170-185);Explosive;22;51;42;38;1;09-oct
272612;B. Gruda;74;85;11;20;Junior;Brighton & Hove Albion;Attacker;LM;22,1;Left;14-08-24;9,5;47000;10;63;Normal (170-185);Mostly Explosive;11;6;9;9;0;09-oct
259031;L. Delap;74;83;9;21;Junior;Ipswich Town;Attacker;ST;23,1;Right;13-07-24;9,5;37000;10;60;Stocky (185+);Controlled Lengthy;22;51;42;38;1;09-oct
198032;D. Burn;78;78;0;32;Senior;Newcastle United;Defender;CB;22,2;Left;31-01-22;9;95000;11;61;Lean (185+);Controlled;7;4;11;7;4;09-oct
210243;Ricardo Pereira;77;77;0;30;Major;Leicester City;Defender;RB;22,9;Right;09-06-18;9;52000;13;72;Unique;Controlled Explosive;21;18;8;16;1;09-oct
213884;R. Christie;77;77;0;29;Major;AFC Bournemouth;Midfielder;CDM;24,9;Left;31-08-21;9;58000;10;73;Lean (170-185);Controlled Explosive;12;15;22;16;0;09-oct
210697;C. N√∏rgaard;77;77;0;30;Major;Brentford;Midfielder;CDM;22;Right;11-06-19;9;64000;12;68;Lean (185+);Controlled Lengthy;16;9;13;13;0;09-oct
225783;S. Mavididi;76;77;1;26;Major;Leicester City;Attacker;ST;21,4;Right;31-07-23;9;49000;9;63;Lean (170-185);Controlled;21;18;8;16;1;09-oct
230978;T. Awoniyi;76;77;1;26;Major;Nottingham Forest;Attacker;ST;25,1;Right;01-07-22;9;59000;9;60;Stocky (170-185);Controlled Lengthy;17;16;24;19;1;09-oct
235167;V. Janelt;76;78;2;26;Major;Brentford;Midfielder;CDM;23,3;Left;03-10-20;9;60000;8;70;Lean (170-185);Controlled Lengthy;16;9;13;13;0;09-oct
235353;I. Sarr;76;77;1;26;Major;Crystal Palace;Attacker;RW;20,5;Right;01-08-24;9;71000;10;62;Lean (185+);Controlled Lengthy;10;11;12;11;0;09-oct
221479;D. Calvert-Lewin;76;77;1;27;Major;Everton;Attacker;ST;20,3;Right;31-08-16;9;53000;10;63;Unique;Controlled Lengthy;15;17;16;16;9;09-oct
237161;S. Longstaff;76;77;1;26;Major;Newcastle United;Midfielder;CM;21,2;Right;30-06-15;9;81000;11;68;Lean (185+);Controlled Lengthy;7;4;11;7;4;09-oct
228092;S. Berge;76;77;1;26;Major;Fulham;Midfielder;CDM;25,2;Right;22-08-24;9;66000;10;68;Normal (185+);Controlled Lengthy;13;10;21;15;0;09-oct
243657;J. Garner;75;81;6;23;Major;Everton;Midfielder;CM;24,2;Right;01-09-22;9;40000;8;69;Lean (170-185);Controlled Lengthy;15;17;16;16;9;09-oct
264337;Rodrigo Muniz;75;81;6;23;Major;Fulham;Attacker;ST;23,4;Right;20-08-21;9;60000;12;63;Normal (185+);Controlled Lengthy;13;10;21;15;0;09-oct
247678;J. Araujo;74;82;8;22;Junior;AFC Bournemouth;Defender;RWB;22,9;Right;13-08-24;9;40000;11;63;Lean (170-185);Controlled Explosive;12;15;22;16;0;09-oct
261299;A. Scott;74;84;10;20;Junior;AFC Bournemouth;Midfielder;CAM;21,5;Right;10-08-23;9;35000;11;69;Lean (170-185);Controlled Explosive;12;15;22;16;0;09-oct
273906;Renato Veiga;74;83;9;20;Junior;Chelsea;Midfielder;CDM;24,4;Left;12-07-24;9;53000;11;71;Normal (185+);Controlled Lengthy;6;12;3;7;6;09-oct
251892;Beto;76;76;0;26;Major;Everton;Attacker;ST;23,4;Right;29-08-23;8,5;53000;11;60;Lean (185+);Controlled Lengthy;15;17;16;16;9;08-sept
239901;S. Kalajd≈æiƒá;76;76;0;26;Major;Wolverhampton Wanderers;Attacker;ST;22,5;Right;31-08-22;8,5;61000;11;61;Unique;Controlled Lengthy;14;13;10;12;3;08-sept
259762;V. Kristiansen;75;81;6;21;Junior;Leicester City;Defender;LWB;23,5;Left;20-01-23;8,5;32000;9;67;Normal (170-185);Controlled;21;18;8;16;1;08-sept
245741;J. Lindstr√∏m;75;80;5;24;Major;Everton;Midfielder;CAM;19;Right;29-08-23;8,5;67000;12;64;Lean (170-185);Mostly Explosive;15;17;16;16;9;08-sept
265552;D. Ouattara;74;81;7;22;Junior;AFC Bournemouth;Attacker;LM;22,7;Left;20-01-23;8,5;42000;10;64;Lean (170-185);Mostly Explosive;12;15;22;16;0;08-sept
232080;J. Harrison;76;76;0;27;Major;Everton;Attacker;RM;22,9;Left;02-07-21;8;51000;9;66;Normal (170-185);Mostly Explosive;15;17;16;16;9;08-sept
224411;Gon√ßalo Guedes;76;76;0;27;Major;Wolverhampton Wanderers;Attacker;ST;21,2;Right;08-08-22;8;61000;10;66;Normal (170-185);Controlled Explosive;14;13;10;12;3;08-sept
231554;J. Justin;76;77;1;26;Major;Leicester City;Defender;RB;23,9;Right;28-06-19;8;46000;9;67;Normal (170-185);Controlled;21;18;8;16;1;08-sept
235642;R. Yates;76;77;1;26;Major;Nottingham Forest;Defender;CB;24,1;Right;01-07-16;8;52000;8;67;Normal (185+);Controlled Lengthy;17;16;24;19;1;08-sept
224258;K. Ajer;76;78;2;26;Major;Brentford;Defender;CB;21,9;Right;21-07-21;8;57000;10;65;Normal (185+);Controlled Lengthy;16;9;13;13;0;08-sept
241508;M. Damsgaard;75;79;4;23;Major;Brentford;Midfielder;CAM;21,6;Right;10-08-22;8;50000;10;69;Lean (170-185);Mostly Explosive;16;9;13;13;0;08-sept
248602;J. Greaves;75;81;6;23;Major;Ipswich Town;Defender;CB;23,1;Left;12-07-24;8;40000;10;63;Normal (185+);Controlled Lengthy;22;51;42;38;1;08-sept
253510;J. O'Brien;75;81;6;23;Major;Everton;Defender;CB;21,6;Right;30-07-24;8;38000;11;60;Normal (185+);Controlled Lengthy;15;17;16;16;9;08-sept
212442;Jos√© S√°;78;78;0;31;Senior;Wolverhampton Wanderers;Goalkeeper;GK;22,8;Right;15-07-21;7,5;42000;76;44;Normal (185+);Controlled Lengthy;14;13;10;12;3;07-ao˚t
206075;S. Johnstone;78;78;0;31;Senior;Wolverhampton Wanderers;Goalkeeper;GK;22,8;Right;30-08-24;7,5;42000;77;42;Normal (185+);Controlled;14;13;10;12;3;07-ao˚t
211738;M. Flekken;78;78;0;31;Senior;Brentford;Goalkeeper;GK;22,9;Right;01-07-23;7,5;45000;78;41;Normal (185+);Controlled;16;9;13;13;0;07-ao˚t
244470;V. Coufal;77;77;0;31;Senior;West Ham United;Defender;RB;24,8;Right;02-10-20;7,5;76000;11;70;Normal (170-185);Controlled;9;14;7;10;0;07-ao˚t
208004;J. Veltman;77;77;0;32;Senior;Brighton & Hove Albion;Defender;CB;22,2;Right;29-07-20;7,5;76000;9;65;Normal (170-185);Controlled Lengthy;11;6;9;9;0;07-ao˚t
213956;Adama Traor√©;76;76;0;28;Major;Fulham;Attacker;RM;27,1;Right;12-08-23;7,5;69000;10;64;Unique;Mostly Explosive;13;10;21;15;0;07-ao˚t
206085;J. Murphy;76;76;0;29;Major;Newcastle United;Attacker;RW;23,1;Right;19-07-17;7,5;90000;12;69;Normal (170-185);Controlled Explosive;7;4;11;7;4;07-ao˚t
231633;I. Diop;76;77;1;27;Major;Fulham;Defender;CB;24,4;Right;10-08-22;7,5;63000;9;58;Lean (185+);Controlled Lengthy;13;10;21;15;0;07-ao˚t
220714;P. Billing;76;76;0;28;Major;AFC Bournemouth;Midfielder;CM;20,6;Left;29-07-19;7,5;57000;11;70;Lean (185+);Controlled Lengthy;12;15;22;16;0;07-ao˚t
235456;J. Bellegarde;75;78;3;26;Major;Wolverhampton Wanderers;Midfielder;CAM;24,2;Right;01-09-23;7,5;53000;12;71;Normal (170-);Mostly Explosive;14;13;10;12;3;07-ao˚t
255718;R. Sosa;75;78;3;24;Major;Nottingham Forest;Attacker;RM;23,4;Right;16-08-24;7,5;45000;9;62;Normal (170-185);Mostly Explosive;17;16;24;19;1;07-ao˚t
248484;N. Collins;75;80;5;23;Major;Brentford;Defender;CB;21,7;Right;04-07-23;7,5;47000;9;57;Normal (185+);Controlled Lengthy;16;9;13;13;0;07-ao˚t
259608;E. Ferguson;73;85;12;19;Junior;Brighton & Hove Albion;Attacker;ST;22,1;Right;09-01-21;7,5;45000;11;58;Normal (185+);Controlled Lengthy;11;6;9;9;0;07-ao˚t
199641;M. Sels;78;78;0;32;Senior;Nottingham Forest;Goalkeeper;GK;21,2;Right;01-02-24;7;41000;78;43;Normal (185+);Controlled;17;16;24;19;1;07-ao˚t
227927;K. Walker-Peters;76;76;0;27;Major;Southampton;Defender;RB;20,7;Right;11-08-20;7;49000;9;65;Unique;Controlled Explosive;24;20;15;20;0;07-ao˚t
222400;H. Winks;76;77;1;28;Major;Leicester City;Midfielder;CM;21;Right;01-07-23;7;49000;11;69;Normal (170-185);Controlled;21;18;8;16;1;07-ao˚t
236699;S. Lukiƒá;76;76;0;27;Major;Fulham;Midfielder;CDM;23;Right;31-01-23;7;63000;10;70;Lean (170-185);Controlled Lengthy;13;10;21;15;0;07-ao˚t
222501;T. Castagne;76;76;0;28;Major;Fulham;Defender;RB;23,4;Right;29-08-23;7;66000;13;67;Lean (185+);Controlled;13;10;21;15;0;07-ao˚t
243647;A. Bayƒ±ndƒ±r;76;78;2;26;Major;Manchester United;Goalkeeper;GK;22,4;Right;01-09-23;7;47000;76;39;Lean (185+);Controlled;8;3;6;6;20;07-ao˚t
233866;O. Edouard;75;77;2;26;Major;Leicester City;Attacker;ST;23,7;Right;31-08-21;7;69000;10;64;Lean (185+);Controlled Lengthy;21;18;8;16;1;07-ao˚t
186146;D. Welbeck;77;77;0;33;Senior;Brighton & Hove Albion;Attacker;ST;21,3;Right;18-10-20;6,5;85000;11;65;Normal (185+);Controlled Lengthy;11;6;9;9;0;06-juil
224081;K. Phillips;76;76;0;28;Major;Ipswich Town;Midfielder;CDM;22,7;Right;04-07-22;6,5;90000;10;70;Stocky (170-185);Controlled;22;51;42;38;1;06-juil
207616;A. Webster;76;76;0;29;Major;Brighton & Hove Albion;Defender;CB;20,6;Right;03-08-19;6,5;71000;10;59;Normal (185+);Controlled Lengthy;11;6;9;9;0;06-juil
225667;C. Chaplin;75;76;1;27;Major;Ipswich Town;Midfielder;CAM;24,4;Left;27-07-21;6,5;49000;13;68;Lean (170-);Explosive;22;51;42;38;1;06-juil
240097;F. Downes;75;78;3;25;Major;Southampton;Midfielder;CDM;21,4;Right;16-07-24;6,5;44000;11;67;Lean (170-185);Controlled Lengthy;24;20;15;20;0;06-juil
239817;B. Soumar√©;75;78;3;25;Major;Leicester City;Midfielder;CM;23,2;Right;02-07-21;6,5;42000;9;67;Lean (185+);Controlled Lengthy;21;18;8;16;1;06-juil
231512;L. Kelly;75;78;3;25;Major;Newcastle United;Defender;CB;23,8;Left;01-07-24;6,5;71000;9;63;Lean (185+);Controlled Lengthy;7;4;11;7;4;06-juil
233164;A. Muriƒá;75;80;5;25;Major;Ipswich Town;Goalkeeper;GK;24,5;Right;17-07-24;6,5;28000;76;43;Normal (185+);Controlled Lengthy;22;51;42;38;1;06-juil
243606;K. Lewis-Potter;74;79;5;23;Major;Brentford;Attacker;LW;23,2;Right;12-07-22;6,5;49000;11;64;Lean (170-);Explosive;16;9;13;13;0;06-juil
242908;J. Clarke;74;80;6;23;Major;Ipswich Town;Midfielder;CAM;22,6;Right;24-08-24;6,5;39000;9;62;Lean (170-185);Mostly Explosive;22;51;42;38;1;06-juil
255434;J. Enciso;73;84;11;20;Junior;Brighton & Hove Albion;Midfielder;CAM;21,4;Right;01-07-22;6,5;43000;10;60;Lean (170-185);Controlled Explosive;11;6;9;9;0;06-juil
270579;W. Odobert;73;84;11;19;Junior;Tottenham Hotspur;Midfielder;CAM;22,6;Right;16-08-24;6,5;43000;9;57;Lean (170-185);Mostly Explosive;5;8;4;6;2;06-juil
270208;A. Gray;73;87;14;18;Junior;Tottenham Hotspur;Midfielder;CM;20;Right;02-07-24;6,5;38000;10;68;Lean (185+);Controlled;5;8;4;6;2;06-juil
257084;L. Ugochukwu;73;83;10;20;Junior;Southampton;Midfielder;CDM;24,1;Right;01-08-23;6,5;49000;11;65;Normal (185+);Controlled Lengthy;24;20;15;20;0;06-juil
261281;C. Okoli;73;82;9;22;Junior;Leicester City;Defender;CB;24,9;Right;09-07-24;6,5;33000;10;56;Normal (185+);Controlled Lengthy;21;18;8;16;1;06-juil
198950;Pablo Sarabia;76;76;0;32;Senior;Wolverhampton Wanderers;Midfielder;CAM;23,1;Left;18-01-23;6;59000;12;69;Lean (170-185);Controlled;14;13;10;12;3;06-juil
221841;A. Armstrong;75;75;0;27;Major;Southampton;Attacker;ST;23,3;Right;10-08-21;6;53000;11;64;Normal (170-185);Mostly Explosive;24;20;15;20;0;06-juil
220710;H. Wilson;75;75;0;27;Major;Fulham;Attacker;RM;23,4;Left;24-07-21;6;63000;10;67;Normal (170-185);Controlled Explosive;13;10;21;15;0;06-juil
215798;M. Cornet;75;75;0;27;Major;Southampton;Attacker;LW;21,5;Left;05-08-22;6;67000;12;72;Lean (170-185);Controlled Explosive;24;20;15;20;0;06-juil
235036;W. Faes;75;76;1;26;Major;Leicester City;Defender;CB;23,4;Right;01-09-22;6;44000;9;59;Normal (185+);Controlled Lengthy;21;18;8;16;1;06-juil
235883;R. Sessegnon;74;79;5;24;Major;Fulham;Attacker;LM;22,1;Left;26-07-24;6;48000;8;68;Lean (170-185);Controlled Explosive;13;10;21;15;0;06-juil
237522;Jorge Cuenca;74;80;6;24;Major;Fulham;Defender;CB;20,8;Left;03-08-24;6;48000;11;59;Lean (185+);Controlled;13;10;21;15;0;06-juil
243585;G. Bazunu;73;82;9;22;Junior;Southampton;Goalkeeper;GK;21,8;Right;17-06-22;6;20000;73;38;Lean (185+);Controlled;24;20;15;20;0;06-juil
256268;A. Broja;73;80;7;22;Junior;Everton;Attacker;ST;22,8;Right;25-02-20;6;67000;10;58;Normal (185+);Controlled Lengthy;15;17;16;16;9;06-juil
220139;S. Szmodics;75;75;0;28;Major;Ipswich Town;Midfielder;CAM;23,7;Right;16-08-24;5,5;51000;12;68;Stocky (170-);Explosive;22;51;42;38;1;05-juin
212382;P. Onuachu;75;75;0;30;Major;Southampton;Attacker;ST;24,3;Right;31-01-23;5,5;55000;10;61;Normal (185+);Controlled Lengthy;24;20;15;20;0;05-juin
242418;T. Lamptey;74;77;3;23;Major;Brighton & Hove Albion;Defender;RWB;23,3;Right;31-01-20;5,5;51000;12;64;Lean (170-);Explosive;11;6;9;9;0;05-juin
241202;P. Daka;74;77;3;25;Major;Leicester City;Attacker;ST;21,2;Right;01-07-21;5,5;45000;8;60;Normal (170-185);Controlled Lengthy;21;18;8;16;1;05-juin
244472;J. Cajuste;74;78;4;24;Major;Ipswich Town;Midfielder;CM;21,8;Right;10-08-23;5,5;58000;9;67;Lean (185+);Controlled;22;51;42;38;1;05-juin
277295;O. Bobb;72;85;13;20;Junior;Manchester City;Midfielder;CAM;24,1;Left;12-07-19;5,5;59000;11;58;Normal (170-185);Explosive;1;1;1;1;10;05-juin
260926;K. Schade;72;80;8;22;Junior;Brentford;Attacker;LW;21,6;Right;01-07-23;5,5;44000;10;58;Lean (185+);Controlled;16;9;13;13;0;05-juin
274246;L. Miley;72;86;14;18;Junior;Newcastle United;Midfielder;CM;19;Right;11-02-23;5,5;42000;9;65;Lean (185+);Controlled;7;4;11;7;4;05-juin
190717;M. Antonio;77;77;0;34;Senior;West Ham United;Attacker;ST;25,3;Right;01-09-15;5;85000;11;70;Stocky (170-185);Controlled Explosive;9;14;7;10;0;05-juin
197975;S. Morsy;76;76;0;32;Senior;Ipswich Town;Midfielder;CDM;24,5;Right;31-08-21;5;51000;12;67;Stocky (170-185);Controlled;22;51;42;38;1;05-juin
205923;B. Davies;76;76;0;31;Senior;Tottenham Hotspur;Defender;CB;23,2;Left;23-07-14;5;76000;9;68;Normal (170-185);Controlled Lengthy;5;8;4;6;2;05-juin
235405;D. O'Shea;74;77;3;25;Major;Ipswich Town;Defender;CB;20,9;Right;25-08-24;5;41000;9;59;Normal (185+);Controlled Lengthy;22;51;42;38;1;05-juin
259170;Rodrigo Gomes;72;82;10;20;Junior;Wolverhampton Wanderers;Midfielder;CAM;21,9;Right;14-06-24;5;36000;11;62;Lean (170-185);Explosive;14;13;10;12;3;05-juin
265459;T. Morton;72;81;9;21;Junior;Liverpool;Midfielder;CM;23;Right;01-01-21;5;39000;11;68;Lean (170-185);Controlled;3;5;2;3;19;05-juin
259356;C. Chukwuemeka;72;82;10;20;Junior;Chelsea;Midfielder;CAM;22;Right;02-08-22;5;52000;11;63;Lean (185+);Controlled Lengthy;6;12;3;7;6;05-juin
273883;C. Casadei;72;82;10;21;Junior;Chelsea;Midfielder;CAM;20,9;Right;19-08-22;5;51000;10;69;Normal (185+);Controlled;6;12;3;7;6;05-juin
258490;C. Riad;72;81;9;21;Junior;Crystal Palace;Defender;CB;21,6;Left;14-06-24;4,9;36000;10;57;Normal (185+);Controlled Lengthy;10;11;12;11;0;04-mai
277283;J. Hinshelwood;72;83;11;19;Junior;Brighton & Hove Albion;Midfielder;CDM;22,6;Right;01-07-22;4,8;36000;8;68;Lean (170-185);Controlled Lengthy;11;6;9;9;0;04-mai
203502;B. De Cordova-Reid;75;75;0;31;Senior;Leicester City;Attacker;RM;23,5;Right;06-07-24;4,7;48000;10;69;Lean (170-);Controlled Explosive;21;18;8;16;1;04-mai
208135;A. Doucour√©;75;75;0;31;Senior;Everton;Midfielder;CAM;22,4;Right;08-09-20;4,7;49000;14;73;Unique;Controlled Lengthy;15;17;16;16;9;04-mai
203487;J. Lascelles;75;75;0;30;Major;Newcastle United;Defender;CB;23,5;Right;09-08-14;4,6;78000;11;55;Stocky (185+);Controlled;7;4;11;7;4;04-mai
220196;D. Brooks;74;74;0;26;Major;AFC Bournemouth;Attacker;RM;19,8;Left;01-07-18;4,6;48000;10;64;Lean (170-185);Controlled;12;15;22;16;0;04-mai
197756;J. Ayew;75;75;0;32;Senior;Leicester City;Attacker;RM;24,5;Right;23-08-24;4,5;48000;9;69;Normal (170-185);Controlled Explosive;21;18;8;16;1;04-mai
231005;C. Ogbene;74;74;0;27;Major;Ipswich Town;Attacker;RM;22,9;Right;28-08-24;4,5;45000;11;69;Normal (170-185);Controlled;22;51;42;38;1;04-mai
247497;A. Bella-Kotchap;73;79;6;22;Junior;Southampton;Defender;CB;24,1;Right;01-07-22;4,4;34000;10;55;Stocky (185+);Controlled Lengthy;24;20;15;20;0;04-mai
256666;Y. Mosquera;72;79;7;23;Major;Wolverhampton Wanderers;Defender;CB;23,8;Right;17-06-21;4,4;36000;8;57;Normal (185+);Controlled Lengthy;14;13;10;12;3;04-mai
72754;Luis Guilherme;71;86;15;18;Junior;West Ham United;Attacker;LM;23,2;Left;14-06-24;4,4;36000;11;59;Normal (170-185);Controlled Explosive;9;14;7;10;0;04-mai
240060;M. Aarons;73;78;5;24;Major;AFC Bournemouth;Defender;RWB;23,6;Right;10-08-23;4,3;36000;9;64;Normal (170-185);Mostly Explosive;12;15;22;16;0;04-mai
241842;B. Johnson;73;78;5;24;Major;Ipswich Town;Defender;RB;21,3;Right;01-07-24;4,3;34000;11;63;Normal (170-185);Controlled;22;51;42;38;1;04-mai
237916;W. Smallbone;73;77;4;24;Major;Southampton;Midfielder;CM;22,4;Right;21-02-17;4,3;36000;9;67;Lean (170-185);Controlled;24;20;15;20;0;04-mai
270866;Y. Chermiti;71;82;11;20;Junior;Everton;Attacker;ST;22;Right;11-08-23;4,1;31000;9;56;Lean (185+);Controlled Lengthy;15;17;16;16;9;04-mai
233795;B. Brereton D√≠az;73;76;3;25;Major;Southampton;Attacker;ST;21,2;Right;30-07-24;4;40000;11;65;Normal (185+);Controlled Lengthy;24;20;15;20;0;04-mai
252975;B. Traor√©;71;80;9;22;Junior;Wolverhampton Wanderers;Midfielder;CDM;20;Right;01-07-23;4;36000;12;65;Lean (170-185);Controlled;14;13;10;12;3;04-mai
266609;T. Iroegbunam;71;80;9;21;Junior;Everton;Midfielder;CDM;20,9;Right;22-06-24;4;26000;10;64;Lean (170-185);Controlled Lengthy;15;17;16;16;9;04-mai
207599;M. Keane;75;75;0;31;Senior;Everton;Defender;CB;22,5;Right;03-07-17;3,8;46000;11;60;Normal (185+);Controlled Lengthy;15;17;16;16;9;03-avr
202849;J. Vestergaard;75;75;0;31;Senior;Leicester City;Defender;CB;24,2;Right;13-08-21;3,8;46000;13;60;Lean (185+);Controlled;21;18;8;16;1;03-avr
226012;R. Manning;74;74;0;28;Major;Southampton;Defender;LB;24,1;Left;11-07-23;3,8;45000;11;69;Normal (170-185);Controlled Explosive;24;20;15;20;0;03-avr
218659;M. Targett;74;74;0;28;Major;Newcastle United;Defender;LB;20,9;Left;10-06-22;3,8;72000;12;66;Normal (170-185);Controlled;7;4;11;7;4;03-avr
231445;J. Dasilva;73;75;2;25;Major;Brentford;Midfielder;CAM;22,2;Left;20-08-18;3,8;46000;11;69;Normal (170-185);Controlled Lengthy;16;9;13;13;0;03-avr
240500;L. Woolfenden;73;77;4;25;Major;Ipswich Town;Defender;CB;21,5;Right;01-07-17;3,8;38000;8;61;Normal (185+);Controlled Lengthy;22;51;42;38;1;03-avr
265801;K. McAteer;71;78;7;22;Junior;Leicester City;Midfielder;CAM;21,4;Right;01-07-20;3,8;35000;8;64;Lean (170-185);Mostly Explosive;21;18;8;16;1;03-avr
238157;M. Roerslev;73;76;3;25;Major;Brentford;Defender;RWB;19,8;Right;07-08-19;3,7;44000;12;64;Lean (170-185);Controlled;16;9;13;13;0;03-avr
208830;J. Vardy;77;77;0;37;Senior;Leicester City;Attacker;ST;23,1;Right;01-05-12;3,6;45000;12;68;Unique;Controlled Explosive;21;18;8;16;1;03-avr
202750;W. Boly;76;76;0;33;Senior;Nottingham Forest;Defender;CB;25,5;Right;01-09-22;3,6;54000;10;57;Normal (185+);Controlled;17;16;24;19;1;03-avr
204838;R. Jim√©nez;75;75;0;33;Senior;Fulham;Attacker;ST;22,4;Right;25-07-23;3,6;71000;11;66;Normal (185+);Controlled Lengthy;13;10;21;15;0;03-avr
205990;H. Reed;74;74;0;29;Major;Fulham;Midfielder;CDM;23,9;Right;31-08-20;3,6;58000;11;68;Normal (170-185);Controlled;13;10;21;15;0;03-avr
195859;D. Ings;74;74;0;31;Senior;West Ham United;Attacker;ST;23;Right;20-01-23;3,6;70000;11;64;Normal (170-185);Controlled;9;14;7;10;0;03-avr
206516;W. Hughes;74;74;0;29;Major;Crystal Palace;Midfielder;CDM;21,6;Left;28-08-21;3,6;58000;11;67;Lean (185+);Controlled;10;11;12;11;0;03-avr
220570;J. Bednarek;74;74;0;28;Major;Southampton;Defender;CB;21,6;Right;01-07-17;3,6;45000;11;55;Normal (185+);Controlled Lengthy;24;20;15;20;0;03-avr
73239;Carlos Miguel;73;78;5;25;Major;Nottingham Forest;Goalkeeper;GK;23,1;Left;09-07-24;3,6;25000;72;32;Lean (185+);Controlled;17;16;24;19;1;03-avr
264349;J. McAtee;70;80;10;21;Junior;Manchester City;Midfielder;CAM;22,2;Left;01-07-20;3,6;53000;9;59;Lean (170-185);Controlled Explosive;1;1;1;1;10;03-avr
195202;T. Cairney;75;75;0;33;Senior;Fulham;Midfielder;CM;24,5;Left;26-06-15;3,5;66000;9;68;Normal (185+);Controlled;13;10;21;15;0;03-avr
243702;D. Spence;72;78;6;23;Major;Tottenham Hotspur;Defender;RWB;21;Right;19-07-22;3,5;50000;9;61;Lean (170-185);Controlled;5;8;4;6;2;03-avr
261647;A. Omobamidele;71;78;7;22;Junior;Nottingham Forest;Defender;CB;20,9;Right;01-09-23;3,5;35000;8;55;Normal (185+);Controlled Lengthy;17;16;24;19;1;03-avr
277426;Carlos Forbs;70;81;11;20;Junior;Wolverhampton Wanderers;Attacker;LM;20,3;Left;03-08-23;3,5;9000;7;59;Lean (170-);Explosive;14;13;10;12;3;03-avr
272926;L. Bergvall;69;87;18;18;Junior;Tottenham Hotspur;Midfielder;CAM;21,4;Right;01-07-24;3,5;34000;10;63;Normal (185+);Controlled Lengthy;5;8;4;6;2;03-avr
189682;B. Mee;77;77;0;34;Senior;Brentford;Defender;CB;25,3;Left;22-07-22;3,4;64000;12;61;Normal (170-185);Controlled;16;9;13;13;0;03-avr
265420;Matheus Fran√ßa;69;84;15;20;Junior;Crystal Palace;Attacker;RM;19,8;Right;05-08-23;3,4;34000;12;61;Lean (170-185);Controlled Lengthy;10;11;12;11;0;03-avr
231485;A. Tuanzebe;73;74;1;26;Major;Ipswich Town;Defender;CB;21,9;Right;08-09-23;3,3;40000;9;63;Normal (185+);Controlled Lengthy;22;51;42;38;1;03-avr
232284;M. Travers;73;77;4;25;Major;AFC Bournemouth;Goalkeeper;GK;22,5;Right;07-07-16;3,3;25000;72;40;Normal (185+);Controlled;12;15;22;16;0;03-avr
277795;Deivid Washington;69;82;13;19;Junior;Chelsea;Attacker;ST;20,9;Right;24-08-23;3,3;46000;11;58;Lean (185+);Controlled Lengthy;6;12;3;7;6;03-avr
278813;Marc Guiu;69;84;15;18;Junior;Chelsea;Attacker;ST;23,4;Right;01-07-24;3,3;44000;9;56;Normal (185+);Controlled Lengthy;6;12;3;7;6;03-avr
231044;J. Aribo;73;73;0;27;Major;Southampton;Midfielder;CM;22,7;Left;13-07-22;3,2;41000;10;70;Normal (170-185);Controlled;24;20;15;20;0;03-avr
244621;Vin√≠cius;73;73;0;29;Major;Fulham;Attacker;ST;23,5;Left;01-09-22;3;61000;11;61;Normal (185+);Controlled Lengthy;13;10;21;15;0;03-avr
256035;K. Sulemana;71;77;6;22;Junior;Southampton;Attacker;RM;22,9;Right;31-01-23;3;34000;10;59;Normal (170-185);Explosive;24;20;15;20;0;03-avr
239778;J. Moder;72;74;2;25;Major;Brighton & Hove Albion;Midfielder;CM;22,1;Right;04-10-20;2,9;53000;12;68;Lean (185+);Controlled Lengthy;11;6;9;9;0;02-mars
248492;J. Hill;69;78;9;22;Junior;AFC Bournemouth;Defender;CB;21,6;Right;05-01-22;2,9;31000;9;58;Lean (170-185);Controlled Lengthy;12;15;22;16;0;02-mars
245153;N. Wood;69;78;9;22;Junior;Southampton;Defender;CB;21,2;Right;05-07-24;2,9;29000;12;54;Normal (185+);Controlled Lengthy;24;20;15;20;0;02-mars
270608;Y. Yarmoliuk;68;80;12;20;Junior;Brentford;Midfielder;CAM;22,2;Right;14-07-22;2,9;30000;8;60;Normal (170-185);Controlled;16;9;13;13;0;02-mars
211990;O. Vlachodimos;74;74;0;30;Major;Newcastle United;Goalkeeper;GK;22,4;Right;01-07-24;2,8;47000;72;41;Normal (185+);Controlled Lengthy;7;4;11;7;4;02-mars
233267;M. Turner;74;74;0;30;Major;Crystal Palace;Goalkeeper;GK;21,7;Right;09-08-23;2,8;31000;72;39;Lean (185+);Controlled;10;11;12;11;0;02-mars
232545;N. Broadhead;72;73;1;26;Major;Ipswich Town;Attacker;LM;23;Right;09-01-23;2,8;40000;8;62;Lean (170-185);Controlled Explosive;22;51;42;38;1;02-mars
257896;N. Patterson;71;77;6;22;Junior;Everton;Defender;RB;23,9;Right;04-01-22;2,8;31000;9;63;Lean (170-185);Controlled Lengthy;15;17;16;16;9;02-mars
242271;A. Irving;71;76;5;24;Major;West Ham United;Midfielder;CM;21,6;Left;04-09-23;2,8;48000;12;68;Lean (185+);Controlled Lengthy;9;14;7;10;0;02-mars
233602;G. Hirst;71;76;5;25;Major;Ipswich Town;Attacker;ST;22,2;Right;13-07-23;2,8;41000;12;61;Normal (185+);Controlled Lengthy;22;51;42;38;1;02-mars
258167;R. Edwards;68;80;12;21;Junior;Southampton;Defender;CB;23,5;Right;03-07-24;2,8;24000;9;57;Normal (170-185);Controlled;24;20;15;20;0;02-mars
207650;E. Krafth;73;73;0;29;Major;Newcastle United;Defender;RB;24,5;Right;08-08-19;2,7;66000;11;66;Normal (170-185);Controlled Lengthy;7;4;11;7;4;02-mars
73049;Pedro Lima;68;83;15;18;Junior;Wolverhampton Wanderers;Attacker;RM;18;Right;02-07-24;2,7;23000;10;62;Lean (170-185);Mostly Explosive;14;13;10;12;3;02-mars
74207;K. Nedeljkoviƒá;68;81;13;18;Junior;Aston Villa;Defender;RWB;21,3;Right;22-01-24;2,7;33000;9;60;Lean (170-185);Controlled;4;7;14;8;7;02-mars
278349;D. Huijsen;68;83;15;19;Junior;AFC Bournemouth;Defender;CB;22,1;Right;30-07-24;2,7;24000;11;60;Lean (185+);Controlled Lengthy;12;15;22;16;0;02-mars
193474;I. Gueye;76;76;0;34;Senior;Everton;Midfielder;CDM;21,8;Right;01-09-22;2,6;49000;9;68;Lean (170-185);Controlled;15;17;16;16;9;02-mars
228295;R. Holding;73;73;0;28;Major;Crystal Palace;Defender;CB;21;Right;01-09-23;2,6;54000;12;58;Lean (185+);Controlled Lengthy;10;11;12;11;0;02-mars
216744;C. Burgess;73;73;0;28;Major;Ipswich Town;Defender;CB;21,5;Left;15-08-21;2,6;41000;12;58;Normal (185+);Controlled Lengthy;22;51;42;38;1;02-mars
202697;J. Stephens;73;73;0;30;Major;Southampton;Defender;CB;21,9;Right;05-04-11;2,5;41000;11;61;Normal (185+);Controlled;24;20;15;20;0;02-mars
228332;H. Choudhury;72;73;1;26;Major;Leicester City;Defender;CB;20,2;Right;31-03-15;2,5;37000;10;65;Lean (170-185);Controlled;21;18;8;16;1;02-mars
272936;Luiz√£o;68;77;9;22;Junior;West Ham United;Defender;CB;22,9;Left;01-01-23;2,5;39000;10;56;Normal (185+);Controlled Lengthy;9;14;7;10;0;02-mars
194404;Neto;78;78;0;34;Senior;Arsenal;Goalkeeper;GK;23;Right;07-08-22;2,4;41000;77;43;Lean (185+);Controlled;2;2;5;3;13;02-mars
194806;C. Dawson;76;76;0;34;Senior;Wolverhampton Wanderers;Defender;CB;24;Right;22-01-23;2,4;56000;7;59;Normal (185+);Controlled;14;13;10;12;3;02-mars
264681;J. Wilson-Esbrand;67;80;13;21;Junior;Manchester City;Defender;LWB;21;Left;01-07-21;2,4;42000;9;60;Normal (170-185);Mostly Explosive;1;1;1;1;10;02-mars
207807;R. Fraser;72;72;0;30;Major;Southampton;Attacker;LM;26,3;Right;30-08-24;2,3;42000;12;65;Stocky (170-);Explosive;24;20;15;20;0;02-mars
212484;W. Burns;72;72;0;29;Major;Ipswich Town;Attacker;RM;21,2;Right;09-06-21;2,3;42000;10;68;Normal (170-185);Mostly Explosive;22;51;42;38;1;02-mars
237704;Jo√£o Virg√≠nia;71;76;5;24;Major;Everton;Goalkeeper;GK;22,8;Left;03-08-18;2,3;18000;70;35;Normal (185+);Controlled;15;17;16;16;9;02-mars
253428;V. Jaro≈°;68;77;9;22;Junior;Liverpool;Goalkeeper;GK;23,5;Right;01-07-17;2,3;23000;68;40;Normal (185+);Controlled;3;5;2;3;19;02-mars
264133;H. Valdimarsson;68;78;10;22;Junior;Brentford;Goalkeeper;GK;23,4;Right;26-01-24;2,3;19000;67;36;Lean (185+);Controlled;16;9;13;13;0;02-mars
243849;P. Maghoma;67;75;8;23;Major;Brentford;Midfielder;CAM;23,4;Right;16-01-20;2,3;34000;10;63;Lean (170-185);Controlled Explosive;16;9;13;13;0;02-mars
270519;W. Osula;67;78;11;20;Junior;Newcastle United;Attacker;ST;22;Right;08-08-24;2,3;44000;9;51;Lean (185+);Controlled Lengthy;7;4;11;7;4;02-mars
271807;E. Nwaneri;66;86;20;17;Junior;Arsenal;Midfielder;CAM;22,6;Left;18-09-22;2,3;30000;11;57;Normal (170-185);Controlled Explosive;2;2;5;3;13;02-mars
72159;M. Moore;66;86;20;16;Junior;Tottenham Hotspur;Midfielder;CAM;22,8;Right;02-05-24;2,3;26000;8;56;Lean (170-185);Controlled Explosive;5;8;4;6;2;02-mars
190456;N. Clyne;74;74;0;33;Senior;Crystal Palace;Defender;RB;21,9;Right;14-10-20;2,2;58000;11;68;Normal (170-185);Controlled;10;11;12;11;0;02-mars
74759;Gustavo Nunes;66;82;16;18;Junior;Brentford;Attacker;LW;21,7;Right;28-08-24;2,2;28000;11;55;Normal (170-185);Explosive;16;9;13;13;0;02-mars
279497;T. Dibling;66;82;16;18;Junior;Southampton;Attacker;LM;22,8;Left;21-02-23;2,2;22000;14;58;Lean (185+);Controlled Lengthy;24;20;15;20;0;02-mars
205347;M. Luongo;73;73;0;31;Senior;Ipswich Town;Midfielder;CDM;24,5;Right;05-01-23;2,1;41000;11;68;Normal (170-185);Controlled;22;51;42;38;1;02-mars
201417;M. Doherty;73;73;0;32;Senior;Wolverhampton Wanderers;Defender;RB;23,4;Right;20-07-23;2,1;45000;11;68;Normal (185+);Controlled Lengthy;14;13;10;12;3;02-mars
202048;C. Coady;73;73;0;31;Senior;Leicester City;Midfielder;CDM;23,1;Right;01-07-23;2,1;39000;11;65;Normal (185+);Controlled Lengthy;21;18;8;16;1;02-mars
206086;H. Toffolo;72;72;0;28;Major;Nottingham Forest;Defender;LB;21,2;Left;20-07-22;2,1;43000;14;66;Normal (170-185);Controlled;17;16;24;19;1;02-mars
245729;H. Clarke;69;75;6;23;Major;Ipswich Town;Defender;CB;24,7;Right;19-01-23;2,1;29000;11;65;Normal (170-185);Controlled Explosive;22;51;42;38;1;02-mars
243917;J. Gauci;68;75;7;23;Major;Aston Villa;Goalkeeper;GK;23,1;Right;01-02-24;2,1;26000;66;33;Normal (185+);Controlled;4;7;14;8;7;02-mars
257400;Y. Ayari;66;78;12;20;Junior;Brighton & Hove Albion;Midfielder;CAM;23,3;Right;30-01-23;2,1;34000;10;59;Lean (170-185);Controlled;11;6;9;9;0;02-mars
204760;C. Taylor;72;72;0;30;Major;Southampton;Defender;LB;20,5;Left;01-07-24;2;40000;11;66;Normal (185+);Controlled Lengthy;24;20;15;20;0;02-mars
210635;K. Hause;72;72;0;28;Major;Aston Villa;Defender;CB;21,1;Left;17-06-19;2;64000;14;58;Stocky (185+);Controlled Lengthy;4;7;14;8;7;02-mars
239015;E. Dennis;71;71;0;26;Major;Nottingham Forest;Attacker;ST;21,9;Right;13-08-22;2;42000;11;63;Unique;Mostly Explosive;17;16;24;19;1;02-mars
244319;R. Stewart;71;71;0;27;Major;Southampton;Attacker;ST;22,9;Right;01-09-23;2;43000;11;58;Lean (185+);Controlled Lengthy;24;20;15;20;0;02-mars
200759;J. Schlupp;72;72;0;31;Senior;Crystal Palace;Attacker;LW;22,7;Left;13-01-17;1,9;58000;9;69;Stocky (170-185);Controlled Explosive;10;11;12;11;0;01-fÈvr
254470;L. Thomas;70;72;2;23;Major;Leicester City;Defender;LB;21,7;Left;01-06-17;1,9;29000;10;62;Lean (170-185);Controlled Explosive;21;18;8;16;1;01-fÈvr
75577;J. Simpson-Pusey;66;78;12;18;Junior;Manchester City;Defender;CB;23,8;Right;01-07-23;1,9;36000;9;53;Normal (185+);Controlled Lengthy;1;1;1;1;10;01-fÈvr
138412;J. Milner;75;75;0;38;Senior;Brighton & Hove Albion;Midfielder;CDM;22,9;Right;01-07-23;1,8;53000;9;72;Stocky (170-185);Controlled;11;6;9;9;0;01-fÈvr
228410;D. Iversen;71;73;2;26;Major;Leicester City;Goalkeeper;GK;21,5;Right;30-01-16;1,8;23000;70;42;Normal (185+);Controlled Lengthy;21;18;8;16;1;01-fÈvr
264209;L. Bogarde;66;76;10;20;Junior;Aston Villa;Defender;CB;20,9;Right;12-01-21;1,8;37000;11;60;Normal (170-185);Controlled Lengthy;4;7;14;8;7;01-fÈvr
274359;N. Opoku;66;73;7;22;Junior;Leicester City;Attacker;ST;23,3;Right;31-01-23;1,8;30000;10;55;Lean (170-185);Controlled Lengthy;21;18;8;16;1;01-fÈvr
263376;A. Al Hamadi;66;73;7;22;Junior;Ipswich Town;Attacker;ST;21,7;Right;29-01-24;1,8;31000;8;52;Normal (185+);Controlled Lengthy;22;51;42;38;1;01-fÈvr
278288;A. Matos;65;81;16;19;Junior;Chelsea;Midfielder;CDM;21,9;Right;01-07-23;1,8;38000;9;65;Normal (170-185);Controlled Explosive;6;12;3;7;6;01-fÈvr
73893;A. Agbinone;65;82;17;18;Junior;Crystal Palace;Attacker;LW;22;Right;01-07-24;1,8;30000;10;55;Normal (170-185);Mostly Explosive;10;11;12;11;0;01-fÈvr
222156;J. Bree;70;71;1;26;Major;Southampton;Defender;RB;23,4;Right;26-01-23;1,7;35000;11;63;Normal (170-185);Controlled;24;20;15;20;0;01-fÈvr
253461;L. Cundle;66;73;7;22;Junior;Wolverhampton Wanderers;Midfielder;CAM;21,5;Right;09-10-18;1,7;31000;10;59;Lean (170-);Controlled Explosive;14;13;10;12;3;01-fÈvr
265412;H. Vale;65;79;14;20;Junior;Chelsea;Midfielder;CAM;23,2;Left;11-09-20;1,7;41000;13;62;Lean (170-185);Controlled Explosive;6;12;3;7;6;01-fÈvr
190885;A. Smith;73;73;0;33;Senior;AFC Bournemouth;Defender;RB;24,1;Right;28-01-14;1,6;44000;9;67;Lean (170-185);Controlled;12;15;22;16;0;01-fÈvr
198350;D. Bentley;72;72;0;30;Major;Wolverhampton Wanderers;Goalkeeper;GK;20,7;Right;25-01-23;1,6;29000;71;41;Normal (185+);Controlled Lengthy;14;13;10;12;3;01-fÈvr
206115;I. Hayden;71;71;0;29;Major;Newcastle United;Midfielder;CDM;22,6;Right;11-07-16;1,6;63000;10;63;Normal (185+);Controlled Lengthy;7;4;11;7;4;01-fÈvr
233851;J. Taylor;68;73;5;26;Major;Ipswich Town;Midfielder;CM;20,5;Right;26-06-23;1,6;33000;12;66;Lean (185+);Controlled;22;51;42;38;1;01-fÈvr
71998;T. George;64;84;20;18;Junior;Chelsea;Midfielder;CAM;20,1;Right;04-02-23;1,6;35000;8;55;Lean (170-185);Mostly Explosive;6;12;3;7;6;01-fÈvr
189615;A. Cresswell;74;74;0;34;Senior;West Ham United;Defender;LB;21,6;Left;03-07-14;1,5;62000;10;69;Normal (170-185);Controlled;9;14;7;10;0;01-fÈvr
256488;M. Cox;65;78;13;21;Junior;Brentford;Goalkeeper;GK;22,3;Right;22-07-21;1,5;13000;65;32;Normal (170-185);Controlled;16;9;13;13;0;01-fÈvr
71973;E. Wheatley;64;83;19;18;Junior;Manchester United;Attacker;ST;22,9;Right;22-01-24;1,5;35000;10;53;Normal (185+);Controlled;8;3;6;6;20;01-fÈvr
180819;A. Lallana;74;74;0;36;Senior;Southampton;Midfielder;CAM;24,7;Right;01-07-24;1,4;36000;11;68;Lean (170-185);Controlled;24;20;15;20;0;01-fÈvr
188836;J. Steele;74;74;0;33;Senior;Brighton & Hove Albion;Goalkeeper;GK;22,4;Right;21-06-18;1,4;41000;75;42;Normal (185+);Controlled;11;6;9;9;0;01-fÈvr
203751;C. Townsend;71;71;0;31;Senior;Ipswich Town;Defender;LB;21,8;Left;01-08-24;1,4;39000;8;63;Lean (170-185);Controlled;22;51;42;38;1;01-fÈvr
268460;G. Kuol;64;78;14;19;Junior;Newcastle United;Attacker;RM;22,2;Right;01-01-23;1,4;39000;10;51;Lean (170-185);Mostly Explosive;7;4;11;7;4;01-fÈvr
270617;A. Murphy;64;81;17;20;Junior;Newcastle United;Defender;CB;21,5;Left;09-07-22;1,4;35000;10;55;Normal (185+);Controlled Lengthy;7;4;11;7;4;01-fÈvr
180216;S. Coleman;74;74;0;35;Senior;Everton;Defender;RB;24,6;Right;02-02-09;1,3;32000;10;69;Normal (170-185);Controlled;15;17;16;16;9;01-fÈvr
271940;M. Godo;64;74;10;21;Junior;Fulham;Attacker;RM;21,4;Right;11-03-22;1,3;30000;10;55;Lean (170-);Mostly Explosive;13;10;21;15;0;01-fÈvr
71651;J. Acheampong;63;83;20;18;Junior;Chelsea;Defender;CB;22,2;Right;03-01-24;1,3;32000;10;57;Lean (170-185);Controlled;6;12;3;7;6;01-fÈvr
164835;≈Å. Fabia≈Ñski;77;77;0;39;Senior;West Ham United;Goalkeeper;GK;23;Right;20-06-18;1,2;23000;75;42;Normal (185+);Controlled Lengthy;9;14;7;10;0;01-fÈvr
207998;D. Ward;72;72;0;31;Senior;Leicester City;Goalkeeper;GK;24,1;Right;21-07-18;1,2;25000;71;40;Lean (185+);Controlled;21;18;8;16;1;01-fÈvr
243048;W. Dennis;67;72;5;23;Major;AFC Bournemouth;Goalkeeper;GK;22,4;Right;19-01-18;1,2;17000;67;33;Stocky (185+);Controlled;12;15;22;16;0;01-fÈvr
268439;T. Collyer;64;75;11;20;Junior;Manchester United;Midfielder;CDM;20,1;Right;20-03-22;1,2;33000;11;59;Lean (170-185);Controlled;8;3;6;6;20;01-fÈvr
263901;E. Turns;64;75;11;21;Junior;Brighton & Hove Albion;Defender;CB;22,9;Left;22-09-20;1,2;31000;12;52;Normal (170-185);Controlled Lengthy;11;6;9;9;0;01-fÈvr
274377;E. Gonz√°lez;63;81;18;19;Junior;Wolverhampton Wanderers;Midfielder;CAM;24,2;Left;31-08-23;1,2;26000;11;53;Normal (170-);Mostly Explosive;14;13;10;12;3;01-fÈvr
271218;W. Alves;63;79;16;19;Junior;Leicester City;Midfielder;CAM;23,1;Right;01-07-21;1,2;21000;8;55;Lean (170-185);Controlled;21;18;8;16;1;01-fÈvr
71227;J. Danns;63;81;18;18;Junior;Liverpool;Attacker;ST;21,3;Right;01-07-23;1,2;32000;9;52;Lean (185+);Controlled;3;5;2;3;19;01-fÈvr
279128;T. Nyoni;62;84;22;17;Junior;Liverpool;Midfielder;CAM;20,4;Right;12-11-23;1,2;22000;8;55;Lean (170-185);Controlled;3;5;2;3;19;01-fÈvr
186392;J. Ward;73;73;0;34;Senior;Crystal Palace;Defender;CB;23,5;Right;28-05-12;1,1;54000;9;63;Lean (185+);Controlled Lengthy;10;11;12;11;0;01-fÈvr
217096;J. Lumley;70;70;0;29;Major;Southampton;Goalkeeper;GK;20;Right;07-08-23;1,1;24000;70;41;Lean (185+);Controlled Lengthy;24;20;15;20;0;01-fÈvr
272863;F. Umeh-Chibueze;63;78;15;19;Junior;Crystal Palace;Attacker;ST;22,7;Left;09-02-23;1,1;26000;12;62;Lean (170-185);Controlled Explosive;10;11;12;11;0;01-fÈvr
278292;J. McConnell;63;77;14;19;Junior;Liverpool;Midfielder;CM;22,2;Right;01-07-23;1,1;30000;10;57;Lean (170-185);Controlled;3;5;2;3;19;01-fÈvr
71997;K. Dyer;62;82;20;17;Junior;Chelsea;Midfielder;CDM;20,5;Right;01-12-23;1,1;27000;9;60;Lean (170-185);Controlled Explosive;6;12;3;7;6;01-fÈvr
193182;W. Foderingham;73;73;0;33;Senior;West Ham United;Goalkeeper;GK;21,9;Left;01-07-24;1;37000;73;43;Normal (185+);Controlled Lengthy;9;14;7;10;0;01-fÈvr
206561;C. Walton;68;70;2;28;Major;Ipswich Town;Goalkeeper;GK;18,9;Left;19-01-22;1;22000;67;38;Lean (185+);Controlled;22;51;42;38;1;01-fÈvr
241076;S. Benda;67;70;3;25;Major;Fulham;Goalkeeper;GK;24,4;Right;30-08-23;1;25000;66;32;Normal (185+);Controlled;13;10;21;15;0;01-fÈvr
239772;J. Stolarczyk;66;71;5;23;Major;Leicester City;Goalkeeper;GK;21;Right;07-02-17;1;15000;67;34;Lean (185+);Controlled;21;18;8;16;1;01-fÈvr
70996;J. Wright;62;82;20;18;Junior;Manchester City;Midfielder;CAM;23,4;Right;01-07-23;1;34000;10;58;Lean (170-185);Controlled;1;1;1;1;10;01-fÈvr
70162;M. Golding;62;81;19;18;Junior;Leicester City;Midfielder;CAM;19,9;Right;07-07-24;1;19000;10;60;Lean (170-185);Controlled;21;18;8;16;1;01-fÈvr
278017;O. Kellyman;62;80;18;18;Junior;Chelsea;Midfielder;CAM;19,5;Left;29-06-24;1;35000;11;57;Lean (185+);Controlled;6;12;3;7;6;01-fÈvr
74413;H. Armstrong;61;82;21;17;Junior;Everton;Midfielder;CM;20,5;Right;01-07-24;1;15000;10;56;Lean (185+);Controlled;15;17;16;16;9;01-fÈvr
270676;S. Mills;62;74;12;20;Junior;Everton;Midfielder;CAM;21,6;Right;01-07-21;0,95;22000;8;53;Normal (170-185);Controlled;15;17;16;16;9;<1
261375;L. Bergstr√∂m;63;73;10;21;Junior;Chelsea;Goalkeeper;GK;19,5;Right;05-09-19;0,925;19000;62;33;Lean (185+);Controlled;6;12;3;7;6;<1
74634;R. Dixon;62;74;12;19;Junior;Everton;Defender;RB;23,5;Right;01-08-23;0,9;19000;12;54;Normal (170-);Controlled Explosive;15;17;16;16;9;<1
267844;Kim Ji Soo;62;76;14;19;Junior;Brentford;Defender;CB;19,8;Right;01-07-23;0,875;23000;9;46;Lean (185+);Controlled Lengthy;16;9;13;13;0;<1
268443;D. Gore;61;78;17;19;Junior;Manchester United;Midfielder;CAM;21,7;Right;06-10-21;0,85;31000;10;57;Lean (170-185);Controlled Explosive;8;3;6;6;20;<1
278057;B. Meupiyou;61;81;20;18;Junior;Wolverhampton Wanderers;Defender;CB;21,9;Left;29-08-24;0,85;20000;8;50;Lean (185+);Controlled Lengthy;14;13;10;12;3;<1
277427;N. O'Reilly;61;80;19;19;Junior;Manchester City;Midfielder;CAM;22;Left;01-07-21;0,85;39000;9;55;Normal (185+);Controlled;1;1;1;1;10;<1
220407;M. D√∫bravka;76;76;0;35;Senior;Newcastle United;Goalkeeper;GK;22,2;Right;01-07-18;0,825;32000;76;43;Normal (185+);Controlled;7;4;11;7;4;<1
271235;O. Bevan;62;73;11;20;Junior;AFC Bournemouth;Defender;CB;22,3;Right;01-03-21;0,825;23000;12;51;Normal (185+);Controlled Lengthy;12;15;22;16;0;<1
277561;S. Amo-Ameyaw;61;79;18;17;Junior;Southampton;Attacker;LM;21,1;Left;24-07-23;0,825;16000;9;50;Lean (170-185);Controlled Explosive;24;20;15;20;0;<1
71634;E. da Silva Moreira;61;80;19;18;Junior;Nottingham Forest;Attacker;RM;24,2;Right;25-06-24;0,825;21000;11;55;Normal (170-185);Controlled;17;16;24;19;1;<1
204246;M. Bettinelli;70;70;0;32;Senior;Chelsea;Goalkeeper;GK;22;Right;28-07-21;0,8;41000;70;38;Normal (185+);Controlled;6;12;3;7;6;<1
279624;Mahamadou Susoho;61;80;19;19;Junior;Manchester City;Midfielder;CDM;23,2;Right;01-07-22;0,8;35000;11;58;Lean (170-185);Controlled;1;1;1;1;10;<1
262569;R. Trevitt;61;75;14;21;Junior;Brentford;Midfielder;CAM;22,4;Right;11-01-21;0,8;26000;8;56;Lean (170-185);Controlled;16;9;13;13;0;<1
73896;C. Kporha;61;77;16;17;Junior;Crystal Palace;Attacker;ST;23,2;Right;15-07-23;0,775;19000;10;59;Stocky (170-);Controlled Explosive;10;11;12;11;0;<1
169588;J. Evans;74;74;0;36;Senior;Manchester United;Defender;CB;21,8;Right;01-09-23;0,75;50000;13;57;Lean (185+);Controlled;8;3;6;6;20;<1
273599;H. Amass;60;85;25;17;Junior;Manchester United;Defender;LB;23,7;Left;01-07-23;0,75;21000;12;52;Lean (170-185);Controlled Explosive;8;3;6;6;20;<1
207557;R. Olsen;74;74;0;34;Senior;Aston Villa;Goalkeeper;GK;22,7;Right;01-07-22;0,725;47000;74;41;Normal (185+);Controlled;4;7;14;8;7;<1
271977;H. Davies;61;73;12;20;Junior;Liverpool;Goalkeeper;GK;22,6;Left;31-07-21;0,7;15000;60;30;Normal (185+);Controlled;3;5;2;3;19;<1
278773;M. Lewis-Skelly;59;82;23;17;Junior;Arsenal;Midfielder;CAM;21,7;Left;05-10-23;0,7;26000;10;56;Normal (170-185);Controlled;2;2;5;3;13;<1
70786;J. King;59;83;24;17;Junior;Fulham;Midfielder;CAM;22,1;Right;16-01-24;0,7;20000;9;56;Lean (170-185);Controlled;13;10;21;15;0;<1
152908;A. Young;73;73;0;38;Senior;Everton;Defender;RB;21,2;Right;13-07-23;0,675;29000;14;72;Lean (170-185);Controlled;15;17;16;16;9;<1
236568;B. Austin;64;68;4;25;Major;Tottenham Hotspur;Goalkeeper;GK;21,8;Right;21-09-16;0,65;27000;63;33;Lean (185+);Controlled;5;8;4;6;2;<1
75272;W. Lankshear;59;79;20;19;Junior;Tottenham Hotspur;Attacker;ST;23,8;Right;01-07-23;0,625;34000;12;51;Lean (185+);Controlled;5;8;4;6;2;<1
258724;E. Brierley;60;72;12;20;Junior;Brentford;Midfielder;CAM;23,7;Right;14-06-23;0,6;25000;9;56;Lean (170-185);Controlled;16;9;13;13;0;<1
74242;Z. Abbott;60;77;17;18;Junior;Nottingham Forest;Defender;CB;21,6;Right;22-08-22;0,6;19000;11;50;Normal (170-185);Controlled;17;16;24;19;1;<1
277705;Y. Konak;60;78;18;18;Junior;Brentford;Midfielder;CDM;22;Right;11-01-24;0,6;21000;13;54;Lean (170-185);Controlled;16;9;13;13;0;<1
73895;J. Devenny;60;74;14;20;Junior;Crystal Palace;Midfielder;CM;23,6;Left;21-08-23;0,6;28000;11;60;Normal (170-185);Controlled Lengthy;10;11;12;11;0;<1
279117;A. Dorrington;59;79;20;19;Junior;Tottenham Hotspur;Defender;CB;21,2;Right;13-06-23;0,6;29000;10;50;Lean (185+);Controlled Lengthy;5;8;4;6;2;<1
271669;Juan Larios;60;75;15;20;Junior;Southampton;Defender;LB;23,5;Left;01-09-22;0,575;20000;10;53;Normal (170-);Controlled Explosive;24;20;15;20;0;<1
236239;A. Whiteman;63;68;5;25;Major;Tottenham Hotspur;Goalkeeper;GK;23,5;Right;21-09-16;0,55;26000;63;32;Normal (185+);Controlled;5;8;4;6;2;<1
279008;L. De Fougerolles;58;78;20;18;Junior;Fulham;Defender;CB;22,7;Right;06-04-23;0,525;23000;9;50;Lean (170-185);Controlled;13;10;21;15;0;<1
264124;C. Peupion;59;69;10;21;Junior;Brighton & Hove Albion;Attacker;RM;24,8;Right;01-07-21;0,5;30000;7;52;Lean (170-185);Controlled;11;6;9;9;0;<1
264645;C. Slicker;59;69;10;21;Junior;Ipswich Town;Goalkeeper;GK;22,5;Right;08-07-23;0,45;10000;59;34;Normal (185+);Controlled;22;51;42;38;1;<1
276718;K. Rodney;58;70;12;19;Junior;Crystal Palace;Defender;CB;22,3;Right;11-08-22;0,45;25000;8;54;Lean (185+);Controlled;10;11;12;11;0;<1
275876;B. Parkinson;57;77;20;19;Junior;Newcastle United;Attacker;ST;19,7;Right;14-07-23;0,45;37000;11;50;Lean (170-185);Controlled;7;4;11;7;4;<1
71498;L. Chiwome;56;79;23;18;Junior;Wolverhampton Wanderers;Attacker;ST;21,7;Right;20-03-24;0,45;24000;10;46;Lean (185+);Controlled;14;13;10;12;3;<1
278957;J. Meghoma;57;77;20;18;Junior;Brentford;Defender;LB;23,2;Left;30-08-24;0,425;21000;9;51;Lean (170-185);Controlled Explosive;16;9;13;13;0;<1
225650;T. King;64;64;0;29;Major;Wolverhampton Wanderers;Goalkeeper;GK;21,3;Right;03-07-23;0,4;23000;63;38;Normal (185+);Controlled Lengthy;14;13;10;12;3;<1
278098;K. Casey;57;74;17;19;Junior;West Ham United;Defender;CB;20,5;Right;31-05-22;0,4;26000;12;47;Lean (185+);Controlled Lengthy;9;14;7;10;0;<1
264622;A. Pond;57;73;16;20;Junior;Wolverhampton Wanderers;Defender;CB;23;Right;01-09-22;0,4;22000;9;45;Lean (185+);Controlled Lengthy;14;13;10;12;3;<1
75642;Z. Marsh;56;72;16;18;Junior;Crystal Palace;Attacker;ST;23,9;Right;01-07-24;0,375;28000;10;48;Normal (170-185);Controlled;10;11;12;11;0;<1
172203;F. Forster;73;73;0;36;Senior;Tottenham Hotspur;Goalkeeper;GK;23;Right;01-07-22;0,35;24000;72;40;Normal (185+);Controlled;5;8;4;6;2;<1
198039;M. Gillespie;65;65;0;32;Senior;Newcastle United;Goalkeeper;GK;22,5;Right;27-07-20;0,35;34000;64;36;Normal (185+);Controlled;7;4;11;7;4;<1
75106;K. Cahill;57;71;14;20;Junior;Brighton & Hove Albion;Goalkeeper;GK;22,2;Right;01-07-24;0,35;14000;57;30;Normal (185+);Controlled;11;6;9;9;0;<1
189324;A. McCarthy;71;71;0;34;Senior;Southampton;Goalkeeper;GK;21,2;Right;01-08-16;0,325;26000;69;40;Lean (185+);Controlled;24;20;15;20;0;<1
203824;R. Matthews;63;63;0;30;Major;Crystal Palace;Goalkeeper;GK;21,2;Right;13-07-21;0,325;26000;63;38;Normal (185+);Controlled Lengthy;10;11;12;11;0;<1
250830;I. Samuels;56;70;14;21;Junior;Brighton & Hove Albion;Defender;LB;20,9;Left;05-08-22;0,325;28000;8;47;Lean (185+);Controlled;11;6;9;9;0;<1
163600;J. Ruddy;71;71;0;37;Senior;Newcastle United;Goalkeeper;GK;26;Right;01-07-24;0,21;25000;69;36;Stocky (185+);Controlled;7;4;11;7;4;<1
172723;A. Begoviƒá;71;71;0;37;Senior;Everton;Goalkeeper;GK;25,3;Right;23-08-24;0,21;15000;70;39;Lean (185+);Controlled;15;17;16;16;9;<1
74451;A. Borto;54;65;11;20;Junior;Fulham;Goalkeeper;GK;22,6;Right;01-04-21;0,2;13000;54;30;Lean (185+);Controlled;13;10;21;15;0;<1
163264;T. Heaton;70;70;0;38;Senior;Manchester United;Goalkeeper;GK;24;Right;02-07-21;0,18;22000;70;41;Normal (185+);Controlled;8;3;6;6;20;<1
157804;S. Carson;63;63;0;38;Senior;Manchester City;Goalkeeper;GK;24,3;Right;20-07-21;0,05;22000;62;36;Stocky (185+);Controlled;1;1;1;1;10;<1
