ID;Name;Overall rating;Potential;Growth;Age;Team;Position rank;Position;Height;Weight;Foot;Joined;Value;Wage;Attacking;Skill;Movement;Power;Mentality;Defending;Goalkeeping;Total stats;Body type;Acceleration type;Classement 23/24;Classement 22/23;Classement 21/22;Classement moyen;Palmares 
242418;T. Lamptey;74;77;3;23;Brighton & Hove Albion;Defender;RWB;163;62;Right;31-01-20;5500000;51000;56;61;86;48;49;72;12;64;Lean (170-);Explosive;11;6;9;8,666666667;0
207807;R. Fraser;72;72;0;30;Southampton;Attacker;LM;163;70;Right;30-08-24;2300000;42000;60;70;79;62;55;50;12;65;Stocky (170-);Explosive;24;20;15;19,67;0
246174;H. Elliott;78;86;8;21;Liverpool;Midfielder;CAM;168;64;Left;28-07-19;31500000;61000;64;73;81;63;56;53;9;67;Normal (170-185);Controlled Explosive;3;5;2;3,33;19
220139;S. Szmodics;75;75;0;28;Ipswich Town;Midfielder;CAM;168;67;Right;16-08-24;5500000;51000;69;70;82;71;57;47;12;68;Stocky (170-);Explosive;22;51;42;38,33;1
225667;C. Chaplin;75;76;1;27;Ipswich Town;Midfielder;CAM;168;69;Left;27-07-21;6500000;49000;71;71;84;71;54;44;13;68;Lean (170-);Explosive;22;51;42;38,33;1
277426;Carlos Forbs;70;81;11;20;Wolverhampton Wanderers;Attacker;LM;169;58;Left;03-08-23;3500000;9000;63;61;83;61;49;30;7;59;Lean (170-);Explosive;14;13;10;12,33333333;3
271940;M. Godo;64;74;10;21;Fulham;Attacker;RM;169;61;Right;11-03-22;1300000;30000;57;57;72;56;44;33;10;55;Lean (170-);Mostly Explosive;13;10;21;14,67;0
251954;C. Summerville;76;84;8;22;West Ham United;Attacker;RM;169;64;Right;03-08-24;17000000;61000;62;67;85;67;46;36;11;62;Lean (170-);Explosive;9;14;7;10,00;0
238041;T. Malacia;76;80;4;24;Manchester United;Defender;LB;169;67;Left;05-07-22;10000000;63000;61;65;80;67;53;76;9;68;Normal (170-);Controlled Explosive;8;3;6;5,67;20
274377;E. González;63;81;18;19;Wolverhampton Wanderers;Midfielder;CAM;169;69;Left;31-08-23;1200000;26000;50;56;75;48;39;39;11;53;Normal (170-);Mostly Explosive;14;13;10;12,33333333;3
271574;R. Lewis;78;85;7;19;Manchester City;Defender;RWB;169;70;Right;01-07-22;26000000;69000;60;66;80;59;56;75;11;68;Lean (170-);Explosive;1;1;1;1,00;10
256725;Fábio Carvalho;74;83;9;21;Brentford;Midfielder;CAM;170;62;Right;12-08-24;9500000;40000;62;68;79;60;46;43;9;61;Lean (170-);Explosive;16;9;13;12,67;0
253461;L. Cundle;66;73;7;22;Wolverhampton Wanderers;Midfielder;CAM;170;62;Right;09-10-18;1700000;31000;56;61;73;53;49;51;10;59;Lean (170-);Controlled Explosive;14;13;10;12,33333333;3
224494;R. Henry;77;78;1;26;Brentford;Defender;LB;170;66;Left;31-08-16;11500000;61000;53;58;86;59;53;77;11;66;Lean (170-);Explosive;16;9;13;12,67;0
243606;K. Lewis-Potter;74;79;5;23;Brentford;Attacker;LW;170;67;Right;12-07-22;6500000;49000;66;67;79;68;51;41;11;64;Lean (170-);Explosive;16;9;13;12,67;0
73896;C. Kporha;61;77;16;17;Crystal Palace;Attacker;ST;170;67;Right;15-07-23;775000;19000;58;54;68;60;49;57;10;59;Stocky (170-);Controlled Explosive;10;11;12;11,00;0
203502;B. De Cordova-Reid;75;75;0;31;Leicester City;Attacker;RM;170;68;Right;06-07-24;4700000;48000;73;69;79;70;56;58;10;69;Lean (170-);Controlled Explosive;21;18;8;15,67;1
74634;R. Dixon;62;74;12;19;Everton;Defender;RB;170;68;Right;01-08-23;900000;19000;45;48;70;47;44;60;12;54;Normal (170-);Controlled Explosive;15;17;16;16,00;9
271669;Juan Larios;60;75;15;20;Southampton;Defender;LB;170;68;Left;01-09-22;575000;20000;49;48;69;42;41;57;10;53;Normal (170-);Controlled Explosive;24;20;15;19,67;0
235456;J. Bellegarde;75;78;3;26;Wolverhampton Wanderers;Midfielder;CAM;170;70;Right;01-09-23;7500000;53000;64;72;81;71;58;70;12;71;Normal (170-);Mostly Explosive;14;13;10;12,33333333;3
236920;J. Kluivert;77;80;3;25;AFC Bournemouth;Midfielder;CAM;171;66;Right;01-07-23;14000000;57000;69;73;84;73;54;36;9;66;Normal (170-185);Explosive;12;15;22;16,33;0
207421;L. Trossard;83;83;0;29;Arsenal;Attacker;LW;171;67;Right;20-01-23;35500000;165000;78;79;84;74;51;26;9;67;Normal (170-185);Explosive;2;2;5;3,00;13
237692;P. Foden;87;89;2;24;Manchester City;Midfielder;CAM;171;69;Left;06-12-16;103500000;210000;71;85;88;75;59;55;10;74;Unique;Explosive;1;1;1;1,00;10
240060;M. Aarons;73;78;5;24;AFC Bournemouth;Defender;RWB;171;69;Right;10-08-23;4300000;36000;53;56;79;63;51;71;9;64;Normal (170-185);Mostly Explosive;12;15;22;16,33;0
243014;B. Mbeumo;80;83;3;24;Brentford;Midfielder;CAM;171;75;Left;05-08-19;29000000;75000;75;75;84;78;63;44;13;72;Normal (170-185);Mostly Explosive;16;9;13;12,67;0
233500;L. Sinisterra;76;78;2;25;AFC Bournemouth;Midfielder;CAM;172;60;Right;09-02-24;9500000;52000;71;67;86;64;51;50;12;67;Normal (170-185);Explosive;12;15;22;16,33;0
255475;Antony;76;80;4;24;Manchester United;Midfielder;CAM;172;63;Left;01-09-22;11000000;66000;64;76;83;69;58;38;11;66;Lean (170-185);Explosive;8;3;6;5,67;20
202652;R. Sterling;80;80;0;29;Arsenal;Attacker;RW;172;69;Right;13-07-22;20500000;120000;69;78;87;72;53;42;13;69;Unique;Explosive;2;2;5;3,00;13
221841;A. Armstrong;75;75;0;27;Southampton;Attacker;ST;172;69;Right;10-08-21;6000000;53000;70;66;78;72;56;28;11;64;Normal (170-185);Mostly Explosive;24;20;15;19,67;0
257400;Y. Ayari;66;78;12;20;Brighton & Hove Albion;Midfielder;CAM;172;69;Right;30-01-23;2100000;34000;53;61;71;55;51;55;10;59;Lean (170-185);Controlled;11;6;9;8,666666667;0
226162;E. Buendía;77;77;0;27;Aston Villa;Midfielder;CAM;172;72;Right;10-06-21;11000000;87000;75;79;76;69;60;65;10;72;Stocky (170-185);Controlled Explosive;4;7;14;8,33;7
254120;T. Doyle;74;82;8;22;Wolverhampton Wanderers;Midfielder;CM;172;73;Right;01-07-24;9500000;43000;62;73;72;68;56;65;11;68;Lean (170-185);Controlled;14;13;10;12,33333333;3
180819;A. Lallana;74;74;0;36;Southampton;Midfielder;CAM;172;73;Right;01-07-24;1400000;36000;71;75;65;64;59;62;11;68;Lean (170-185);Controlled;24;20;15;19,67;0
238616;Pedro Neto;79;83;4;24;Chelsea;Midfielder;CAM;173;62;Left;11-08-24;25000000;95000;69;72;87;71;52;33;9;66;Unique;Explosive;6;12;3;7,00;6
227927;K. Walker-Peters;76;76;0;27;Southampton;Defender;RB;173;62;Right;11-08-20;7000000;49000;58;61;77;64;50;73;9;65;Unique;Controlled Explosive;24;20;15;19,67;0
218667;Bernardo Silva;87;87;0;29;Manchester City;Midfielder;CM;173;64;Left;01-07-17;77500000;230000;77;83;86;74;64;71;11;78;Lean (170-185);Explosive;1;1;1;1,00;10
255434;J. Enciso;73;84;11;20;Brighton & Hove Albion;Midfielder;CAM;173;64;Right;01-07-22;6500000;43000;60;71;76;62;49;33;10;60;Lean (170-185);Controlled Explosive;11;6;9;8,666666667;0
74759;Gustavo Nunes;66;82;16;18;Brentford;Attacker;LW;173;65;Right;28-08-24;2200000;28000;56;55;79;60;41;30;11;55;Normal (170-185);Explosive;16;9;13;12,67;0
268443;D. Gore;61;78;17;19;Manchester United;Midfielder;CAM;173;65;Right;06-10-21;850000;31000;48;59;74;51;47;52;10;57;Lean (170-185);Controlled Explosive;8;3;6;5,67;20
278773;M. Lewis-Skelly;59;82;23;17;Arsenal;Midfielder;CAM;173;65;Left;05-10-23;700000;26000;54;56;63;54;46;54;10;56;Normal (170-185);Controlled;2;2;5;3,00;13
205569;J. Ward-Prowse;79;79;0;29;Nottingham Forest;Midfielder;CM;173;66;Right;14-08-23;17000000;95000;71;84;68;75;61;66;13;73;Normal (170-185);Controlled;17;16;24;19,00;1
70786;J. King;59;83;24;17;Fulham;Midfielder;CAM;173;66;Right;16-01-24;700000;20000;52;58;67;53;47;52;9;56;Lean (170-185);Controlled;13;10;21;14,67;0
239231;Marc Cucurella;83;84;1;25;Chelsea;Defender;LB;173;67;Left;05-08-22;39500000;135000;68;77;80;73;63;82;10;76;Normal (170-185);Controlled Explosive;6;12;3;7,00;6
254088;Amad;76;85;9;21;Manchester United;Midfielder;CAM;173;67;Left;07-01-21;17000000;56000;64;72;84;64;48;37;11;63;Lean (170-185);Explosive;8;3;6;5,67;20
243576;Pedro Porro;83;86;3;24;Tottenham Hotspur;Defender;RWB;173;69;Right;01-07-23;46000000;105000;73;81;79;80;63;78;10;77;Normal (170-185);Controlled Explosive;5;8;4;5,67;2
220710;H. Wilson;75;75;0;27;Fulham;Attacker;RM;173;70;Left;24-07-21;6000000;63000;69;77;77;71;52;43;10;67;Normal (170-185);Controlled Explosive;13;10;21;14,67;0
70996;J. Wright;62;82;20;18;Manchester City;Midfielder;CAM;173;70;Right;01-07-23;1000000;34000;54;58;63;54;50;57;10;58;Lean (170-185);Controlled;1;1;1;1,00;10
186345;K. Trippier;82;82;0;33;Newcastle United;Defender;RB;173;71;Right;07-01-22;16000000;125000;72;83;72;76;64;80;11;76;Normal (170-185);Controlled;7;4;11;7,33;4
258724;E. Brierley;60;72;12;20;Brentford;Midfielder;CAM;173;71;Right;14-06-23;600000;25000;47;55;70;54;46;53;9;56;Lean (170-185);Controlled;16;9;13;12,67;0
226012;R. Manning;74;74;0;28;Southampton;Defender;LB;173;72;Left;11-07-23;3800000;45000;61;72;73;70;57;69;11;69;Normal (170-185);Controlled Explosive;24;20;15;19,67;0
246420;J. Doku;80;86;6;22;Manchester City;Midfielder;CAM;173;77;Right;24-08-23;34000000;115000;63;73;89;71;47;31;10;64;Normal (170-185);Explosive;1;1;1;1,00;10
277561;S. Amo-Ameyaw;61;79;18;17;Southampton;Attacker;LM;174;64;Left;24-07-23;825000;16000;50;56;75;49;37;26;9;50;Lean (170-185);Controlled Explosive;24;20;15;19,67;0
260145;O. Hutchinson;74;83;9;20;Ipswich Town;Midfielder;CAM;174;65;Left;30-06-24;9500000;33000;63;70;79;69;52;54;8;66;Lean (170-185);Explosive;22;51;42;38,33;1
269495;F. Buonanotte;75;83;8;19;Leicester City;Midfielder;CAM;174;66;Left;01-01-23;12000000;47000;64;71;77;64;44;28;9;60;Lean (170-185);Controlled Explosive;21;18;8;15,67;1
193474;I. Gueye;76;76;0;34;Everton;Midfielder;CDM;174;66;Right;01-09-22;2600000;49000;58;67;70;69;55;78;9;68;Lean (170-185);Controlled;15;17;16;16,00;9
230977;M. Almirón;77;77;0;30;Newcastle United;Attacker;RW;174;70;Left;31-01-19;10000000;95000;68;73;81;70;57;57;11;69;Lean (170-185);Explosive;7;4;11;7,33;4
198950;Pablo Sarabia;76;76;0;32;Wolverhampton Wanderers;Midfielder;CAM;174;70;Left;18-01-23;6000000;59000;71;79;74;68;55;54;12;69;Lean (170-185);Controlled;14;13;10;12,33333333;3
235152;F. Kadıoğlu;81;86;5;24;Brighton & Hove Albion;Attacker;RM;174;73;Right;27-08-24;36500000;83000;69;76;87;75;56;77;10;75;Normal (170-185);Explosive;11;6;9;8,666666667;0
277295;O. Bobb;72;85;13;20;Manchester City;Midfielder;CAM;174;73;Left;12-07-19;5500000;59000;61;72;77;50;45;32;11;58;Normal (170-185);Explosive;1;1;1;1,00;10
246340;M. Mudryk;77;83;6;23;Chelsea;Midfielder;CAM;175;61;Right;15-01-23;16500000;81000;64;74;85;71;50;36;10;65;Normal (170-185);Explosive;6;12;3;7,00;6
227813;O. Zinchenko;79;79;0;27;Arsenal;Midfielder;CM;175;64;Left;22-07-22;17000000;105000;71;81;74;73;62;77;12;75;Lean (170-185);Controlled Explosive;2;2;5;3,00;13
152908;A. Young;73;73;0;38;Everton;Defender;RB;175;65;Right;13-07-23;675000;29000;72;75;68;69;60;71;14;72;Lean (170-185);Controlled;15;17;16;16,00;9
240947;T. Mitchell;77;80;3;24;Crystal Palace;Defender;LB;175;66;Left;01-07-17;13500000;59000;53;59;75;57;54;79;11;65;Lean (170-185);Controlled Explosive;10;11;12;11,00;0
189615;A. Cresswell;74;74;0;34;West Ham United;Defender;LB;175;66;Left;03-07-14;1500000;62000;65;75;66;65;55;76;10;69;Normal (170-185);Controlled;9;14;7;10,00;0
259170;Rodrigo Gomes;72;82;10;20;Wolverhampton Wanderers;Midfielder;CAM;175;67;Right;14-06-24;5000000;36000;60;62;79;59;50;51;11;62;Lean (170-185);Explosive;14;13;10;12,33333333;3
190456;N. Clyne;74;74;0;33;Crystal Palace;Defender;RB;175;67;Right;14-10-20;2200000;58000;62;65;69;70;54;74;11;68;Normal (170-185);Controlled;10;11;12;11,00;0
239015;E. Dennis;71;71;0;26;Nottingham Forest;Attacker;ST;175;67;Right;13-08-22;2000000;42000;69;65;80;73;45;37;11;63;Unique;Mostly Explosive;17;16;24;19,00;1
278288;A. Matos;65;81;16;19;Chelsea;Midfielder;CDM;175;67;Right;01-07-23;1800000;38000;58;62;72;70;55;64;9;65;Normal (170-185);Controlled Explosive;6;12;3;7,00;6
260779;S. Adingra;76;83;7;22;Brighton & Hove Albion;Midfielder;CAM;175;68;Right;01-07-22;15000000;61000;63;68;84;62;46;31;10;61;Lean (170-185);Explosive;11;6;9;8,666666667;0
268460;G. Kuol;64;78;14;19;Newcastle United;Attacker;RM;175;68;Right;01-01-23;1400000;39000;53;57;77;51;39;22;10;51;Lean (170-185);Mostly Explosive;7;4;11;7,33;4
235805;F. Chiesa;84;84;0;26;Liverpool;Attacker;RM;175;70;Right;29-08-24;46000000;130000;75;77;89;80;59;50;7;73;Unique;Explosive;3;5;2;3,33;19
224371;J. Bowen;82;82;0;27;West Ham United;Attacker;RM;175;70;Left;31-01-20;32500000;110000;79;75;80;78;55;42;11;70;Normal (170-185);Controlled Explosive;9;14;7;10,00;0
241042;O. Skipp;77;80;3;23;Leicester City;Midfielder;CDM;175;70;Right;19-08-24;13000000;43000;52;64;68;62;56;77;8;65;Normal (170-185);Controlled;21;18;8;15,67;1
231448;R. Nelson;76;79;3;24;Fulham;Midfielder;CAM;175;70;Right;23-12-16;10000000;76000;63;71;81;62;48;35;12;62;Lean (170-185);Explosive;13;10;21;14,67;0
210243;Ricardo Pereira;77;77;0;30;Leicester City;Defender;RB;175;70;Right;09-06-18;9000000;52000;69;71;75;70;60;76;13;72;Unique;Controlled Explosive;21;18;8;15,67;1
247678;J. Araujo;74;82;8;22;AFC Bournemouth;Defender;RWB;175;70;Right;13-08-24;9000000;40000;47;56;78;62;52;72;11;63;Lean (170-185);Controlled Explosive;12;15;22;16,33;0
232080;J. Harrison;76;76;0;27;Everton;Attacker;RM;175;70;Left;02-07-21;8000000;51000;65;69;79;72;54;49;9;66;Normal (170-185);Mostly Explosive;15;17;16;16,00;9
256035;K. Sulemana;71;77;6;22;Southampton;Attacker;RM;175;70;Right;31-01-23;3000000;34000;59;65;85;65;43;27;10;59;Normal (170-185);Explosive;24;20;15;19,67;0
138412;J. Milner;75;75;0;38;Brighton & Hove Albion;Midfielder;CDM;175;70;Right;01-07-23;1800000;53000;73;77;61;72;66;74;9;72;Stocky (170-185);Controlled;11;6;9;8,666666667;0
224294;L. Cook;78;79;1;27;AFC Bournemouth;Midfielder;CDM;175;71;Right;08-07-16;14500000;59000;63;74;71;67;60;74;12;70;Normal (170-185);Controlled;12;15;22;16,33;0
72754;Luis Guilherme;71;86;15;18;West Ham United;Attacker;LM;175;71;Left;14-06-24;4400000;36000;63;67;73;62;41;34;11;59;Normal (170-185);Controlled Explosive;9;14;7;10,00;0
279624;Mahamadou Susoho;61;80;19;19;Manchester City;Midfielder;CDM;175;71;Right;01-07-22;800000;35000;52;58;64;54;49;61;11;58;Lean (170-185);Controlled;1;1;1;1,00;10
278957;J. Meghoma;57;77;20;18;Brentford;Defender;LB;175;71;Left;30-08-24;425000;21000;42;47;69;50;36;52;9;51;Lean (170-185);Controlled Explosive;16;9;13;12,67;0
209331;M. Salah;90;90;0;32;Liverpool;Attacker;RM;175;72;Left;01-07-17;95000000;230000;80;82;90;81;63;41;12;75;Unique;Mostly Explosive;3;5;2;3,33;19
232999;T. Adams;77;79;2;25;AFC Bournemouth;Midfielder;CDM;175;72;Right;20-08-23;12000000;53000;56;61;78;66;58;78;9;68;Normal (170-185);Controlled Explosive;12;15;22;16,33;0
220697;J. Maddison;85;85;0;27;Tottenham Hotspur;Midfielder;CAM;175;73;Right;28-06-23;57500000;155000;72;86;78;71;60;55;13;73;Lean (170-185);Controlled Explosive;5;8;4;5,67;2
230666;Gabriel Jesus;81;81;0;27;Arsenal;Attacker;RW;175;73;Right;04-07-22;28000000;135000;77;74;86;80;59;34;10;70;Unique;Explosive;2;2;5;3,00;13
197975;S. Morsy;76;76;0;32;Ipswich Town;Midfielder;CDM;175;75;Right;31-08-21;5000000;51000;60;64;66;73;56;73;12;67;Stocky (170-185);Controlled;22;51;42;38,33;1
244470;V. Coufal;77;77;0;31;West Ham United;Defender;RB;175;76;Right;02-10-20;7500000;76000;67;67;70;72;58;77;11;70;Normal (170-185);Controlled;9;14;7;10,00;0
264124;C. Peupion;59;69;10;21;Brighton & Hove Albion;Attacker;RM;175;76;Right;01-07-21;500000;30000;54;57;62;47;40;45;7;52;Lean (170-185);Controlled;11;6;9;8,666666667;0
237942;P. Estupiñán;79;80;1;26;Brighton & Hove Albion;Defender;LB;175;79;Left;16-08-22;19000000;85000;63;69;76;73;59;75;10;71;Normal (170-185);Controlled;11;6;9;8,666666667;0
222400;H. Winks;76;77;1;28;Leicester City;Midfielder;CM;176;65;Right;01-07-23;7000000;49000;62;75;69;67;58;70;11;69;Normal (170-185);Controlled;21;18;8;15,67;1
264681;J. Wilson-Esbrand;67;80;13;21;Manchester City;Defender;LWB;176;65;Left;01-07-21;2400000;42000;49;62;77;55;47;64;9;60;Normal (170-185);Mostly Explosive;1;1;1;1,00;10
273106;Danilo;76;80;4;23;Nottingham Forest;Midfielder;CDM;176;69;Left;16-01-23;10000000;45000;59;68;73;68;58;72;8;68;Lean (170-185);Controlled;17;16;24;19,00;1
271807;E. Nwaneri;66;86;20;17;Arsenal;Midfielder;CAM;176;70;Left;18-09-22;2300000;30000;59;64;72;56;44;36;11;57;Normal (170-185);Controlled Explosive;2;2;5;3,00;13
270409;Savinho;82;88;6;20;Manchester City;Attacker;LM;176;71;Left;18-07-24;47500000;115000;69;75;84;63;49;31;10;64;Lean (170-185);Mostly Explosive;1;1;1;1,00;10
239837;A. Mac Allister;86;88;2;25;Liverpool;Midfielder;CM;176;72;Right;14-06-23;84500000;150000;77;84;78;80;69;76;11;79;Normal (170-185);Controlled Explosive;3;5;2;3,33;19
216393;Y. Tielemans;82;83;1;27;Aston Villa;Midfielder;CM;176;72;Right;01-07-23;35000000;125000;78;82;61;77;62;70;10;73;Normal (170-185);Controlled;4;7;14;8,33;7
258930;C. Archer;75;82;7;22;Southampton;Attacker;ST;176;72;Right;16-08-24;11500000;46000;66;62;80;73;49;20;9;60;Normal (170-185);Controlled Explosive;24;20;15;19,67;0
273463;João Gomes;78;83;5;23;Wolverhampton Wanderers;Midfielder;CDM;176;74;Right;30-01-23;19500000;53000;65;70;73;73;62;76;12;72;Normal (170-185);Controlled;14;13;10;12,33333333;3
234824;Y. Wissa;79;79;0;27;Brentford;Attacker;LW;176;74;Right;10-08-21;18500000;81000;75;66;81;75;55;23;10;64;Lean (170-185);Mostly Explosive;16;9;13;12,67;0
205990;H. Reed;74;74;0;29;Fulham;Midfielder;CDM;176;74;Right;31-08-20;3600000;58000;60;68;69;67;57;73;11;68;Normal (170-185);Controlled;13;10;21;14,67;0
75642;Z. Marsh;56;72;16;18;Crystal Palace;Attacker;ST;176;74;Right;01-07-24;375000;28000;53;51;62;56;37;20;10;48;Normal (170-185);Controlled;10;11;12;11,00;0
205347;M. Luongo;73;73;0;31;Ipswich Town;Midfielder;CDM;176;76;Right;05-01-23;2100000;41000;63;63;68;74;55;72;11;68;Normal (170-185);Controlled;22;51;42;38,33;1
210736;Emerson;78;78;0;29;West Ham United;Defender;LB;176;79;Left;23-08-22;12500000;81000;64;79;76;72;56;75;10;72;Lean (170-185);Controlled Explosive;9;14;7;10,00;0
220196;D. Brooks;74;74;0;26;AFC Bournemouth;Attacker;RM;177;62;Left;01-07-18;4600000;48000;68;72;71;64;53;47;10;64;Lean (170-185);Controlled;12;15;22;16,33;0
265801;K. McAteer;71;78;7;22;Leicester City;Midfielder;CAM;177;67;Right;01-07-20;3800000;35000;65;66;76;67;50;54;8;64;Lean (170-185);Mostly Explosive;21;18;8;15,67;1
232411;C. Nkunku;84;84;0;26;Chelsea;Midfielder;CAM;177;68;Right;01-07-23;46000000;165000;76;83;84;77;61;57;9;74;Normal (170-185);Mostly Explosive;6;12;3;7,00;6
254470;L. Thomas;70;72;2;23;Leicester City;Defender;LB;177;68;Left;01-06-17;1900000;29000;55;61;71;59;50;67;10;62;Lean (170-185);Controlled Explosive;21;18;8;15,67;1
227928;Nélson Semedo;78;78;0;30;Wolverhampton Wanderers;Defender;RB;177;69;Right;23-09-20;12000000;64000;60;64;78;70;54;76;13;69;Unique;Controlled Explosive;14;13;10;12,33333333;3
73893;A. Agbinone;65;82;17;18;Crystal Palace;Attacker;LW;177;69;Right;01-07-24;1800000;30000;57;57;78;62;37;27;10;55;Normal (170-185);Mostly Explosive;10;11;12;11,00;0
245155;M. Kudus;82;86;4;23;West Ham United;Attacker;LM;177;70;Left;27-08-23;43500000;95000;71;72;87;77;57;57;8;72;Normal (170-185);Controlled Explosive;9;14;7;10,00;0
265552;D. Ouattara;74;81;7;22;AFC Bournemouth;Attacker;LM;177;71;Left;20-01-23;8500000;42000;65;68;78;66;51;49;10;64;Lean (170-185);Mostly Explosive;12;15;22;16,33;0
267680;A. Fatawu;76;85;9;20;Leicester City;Midfielder;CAM;177;73;Left;16-07-24;16500000;39000;69;75;83;72;52;45;8;67;Normal (170-185);Mostly Explosive;21;18;8;15,67;1
226380;Hwang Hee Chan;77;77;0;28;Wolverhampton Wanderers;Attacker;ST;177;77;Right;01-07-22;11000000;68000;73;67;82;77;55;33;11;66;Normal (170-185);Mostly Explosive;14;13;10;12,33333333;3
74866;André;75;82;7;22;Wolverhampton Wanderers;Midfielder;CDM;177;77;Right;30-08-24;10500000;44000;59;64;58;71;52;71;8;64;Normal (170-185);Controlled;14;13;10;12,33333333;3
180216;S. Coleman;74;74;0;35;Everton;Defender;RB;177;77;Right;02-02-09;1300000;32000;68;67;63;68;59;78;10;69;Normal (170-185);Controlled;15;17;16;16,00;9
207410;M. Kovačić;83;83;0;30;Manchester City;Midfielder;CM;177;80;Right;27-06-23;34500000;160000;68;81;79;72;62;72;7;73;Normal (170-185);Controlled Explosive;1;1;1;1,00;10
248465;I. Maatsen;79;85;6;22;Aston Villa;Defender;LB;178;57;Left;28-06-24;26500000;85000;67;73;85;67;55;74;11;72;Lean (170-185);Mostly Explosive;4;7;14;8,33;7
73049;Pedro Lima;68;83;15;18;Wolverhampton Wanderers;Attacker;RM;178;57;Right;02-07-24;2700000;23000;56;64;77;57;51;60;10;62;Lean (170-185);Mostly Explosive;14;13;10;12,33333333;3
70162;M. Golding;62;81;19;18;Leicester City;Midfielder;CAM;178;63;Right;07-07-24;1000000;19000;56;60;66;61;49;57;10;60;Lean (170-185);Controlled;21;18;8;15,67;1
216267;A. Robertson;84;84;0;30;Liverpool;Defender;LB;178;64;Left;21-07-17;36500000;130000;65;78;78;75;64;82;10;75;Unique;Controlled Explosive;3;5;2;3,33;19
228332;H. Choudhury;72;73;1;26;Leicester City;Defender;CB;178;64;Right;31-03-15;2500000;37000;59;63;68;65;54;74;10;65;Lean (170-185);Controlled;21;18;8;15,67;1
246669;B. Saka;88;90;2;22;Arsenal;Attacker;RW;178;65;Left;14-09-18;121000000;210000;77;83;86;76;65;61;10;76;Lean (170-185);Mostly Explosive;2;2;5;3,00;13
71997;K. Dyer;62;82;20;17;Chelsea;Midfielder;CDM;178;65;Right;01-12-23;1100000;27000;49;60;74;56;49;62;9;60;Lean (170-185);Controlled Explosive;6;12;3;7,00;6
208450;Andreas Pereira;78;78;0;28;Fulham;Midfielder;CAM;178;66;Right;11-07-22;14000000;80000;73;80;76;74;64;66;11;74;Normal (170-185);Controlled Explosive;13;10;21;14,67;0
235794;E. Eze;81;84;3;26;Crystal Palace;Midfielder;CAM;178;67;Right;28-08-20;33500000;95000;73;80;81;77;58;47;11;71;Lean (170-185);Controlled Explosive;10;11;12;11,00;0
259307;M. Gusto;80;86;6;21;Chelsea;Defender;RWB;178;67;Right;30-01-23;31500000;81000;61;71;84;69;58;77;10;72;Lean (170-185);Mostly Explosive;6;12;3;7,00;6
222665;M. Ødegaard;89;90;1;25;Arsenal;Midfielder;CM;178;68;Left;20-08-21;122500000;240000;79;88;80;75;63;66;12;77;Lean (170-185);Controlled Explosive;2;2;5;3,00;13
210881;J. McGinn;81;81;0;29;Aston Villa;Midfielder;CM;178;68;Left;08-08-18;25500000;120000;73;77;76;82;64;80;11;77;Stocky (170-185);Controlled Explosive;4;7;14;8,33;7
205498;Jorginho;82;82;0;32;Arsenal;Midfielder;CDM;178;68;Right;31-01-23;20500000;135000;70;81;63;68;66;73;11;72;Lean (170-185);Controlled;2;2;5;3,00;13
242916;Y. Sugawara;77;80;3;24;Southampton;Defender;RB;178;68;Right;14-07-24;13500000;45000;61;75;79;69;56;74;10;70;Lean (170-185);Mostly Explosive;24;20;15;19,67;0
245279;Reguilón;77;78;1;27;Tottenham Hotspur;Defender;LB;178;68;Left;19-09-20;11000000;78000;65;68;78;68;57;73;10;70;Lean (170-185);Mostly Explosive;5;8;4;5,67;2
261299;A. Scott;74;84;10;20;AFC Bournemouth;Midfielder;CAM;178;68;Right;10-08-23;9000000;35000;62;74;78;68;54;65;11;69;Lean (170-185);Controlled Explosive;12;15;22;16,33;0
224458;Diogo Jota;85;85;0;27;Liverpool;Attacker;ST;178;70;Right;19-09-20;58500000;155000;80;75;85;82;63;52;11;74;Normal (170-185);Controlled Explosive;3;5;2;3,33;19
257470;A. Elanga;77;82;5;22;Nottingham Forest;Attacker;RM;178;70;Right;25-07-23;16000000;51000;70;69;83;73;48;36;10;65;Lean (170-185);Mostly Explosive;17;16;24;19,00;1
237477;M. Tavernier;77;79;2;25;AFC Bournemouth;Attacker;LM;178;70;Left;01-08-22;13000000;56000;66;73;77;74;53;61;10;69;Normal (170-185);Controlled Explosive;12;15;22;16,33;0
272612;B. Gruda;74;85;11;20;Brighton & Hove Albion;Attacker;LM;178;70;Left;14-08-24;9500000;47000;66;71;79;73;51;26;10;63;Normal (170-185);Mostly Explosive;11;6;9;8,666666667;0
235883;R. Sessegnon;74;79;5;24;Fulham;Attacker;LM;178;70;Left;26-07-24;6000000;48000;66;65;76;64;59;72;8;68;Lean (170-185);Controlled Explosive;13;10;21;14,67;0
255565;K. Mitoma;81;81;0;27;Brighton & Hove Albion;Attacker;LM;178;71;Right;10-08-21;27500000;100000;71;74;83;69;56;57;11;70;Lean (170-185);Mostly Explosive;11;6;9;8,666666667;0
270857;Mateus Fernandes;75;85;10;19;Southampton;Midfielder;CAM;178;72;Right;20-08-24;12000000;34000;65;74;78;68;57;55;7;67;Normal (170-185);Controlled Explosive;24;20;15;19,67;0
224081;K. Phillips;76;76;0;28;Ipswich Town;Midfielder;CDM;178;72;Right;04-07-22;6500000;90000;65;71;67;72;59;76;10;70;Stocky (170-185);Controlled;22;51;42;38,33;1
200759;J. Schlupp;72;72;0;31;Crystal Palace;Attacker;LW;178;72;Left;13-01-17;1900000;58000;67;65;73;71;57;70;9;69;Stocky (170-185);Controlled Explosive;10;11;12;11,00;0
272863;F. Umeh-Chibueze;63;78;15;19;Crystal Palace;Attacker;ST;178;72;Left;09-02-23;1100000;26000;59;54;74;69;51;56;12;62;Lean (170-185);Controlled Explosive;10;11;12;11,00;0
279008;L. De Fougerolles;58;78;20;18;Fulham;Defender;CB;178;72;Right;06-04-23;525000;23000;42;40;61;51;37;60;9;50;Lean (170-185);Controlled;13;10;21;14,67;0
256079;M. Caicedo;84;88;4;22;Chelsea;Midfielder;CDM;178;73;Right;14-08-23;56000000;135000;63;72;78;76;61;84;11;74;Normal (170-185);Controlled;6;12;3;7,00;6
265459;T. Morton;72;81;9;21;Liverpool;Midfielder;CM;178;73;Right;01-01-21;5000000;39000;63;74;68;65;56;68;11;68;Lean (170-185);Controlled;3;5;2;3,33;19
195859;D. Ings;74;74;0;31;West Ham United;Attacker;ST;178;73;Right;20-01-23;3600000;70000;73;70;66;68;57;39;11;64;Normal (170-185);Controlled;9;14;7;10,00;0
232545;N. Broadhead;72;73;1;26;Ipswich Town;Attacker;LM;178;73;Right;09-01-23;2800000;40000;67;68;75;70;50;32;8;62;Lean (170-185);Controlled Explosive;22;51;42;38,33;1
200458;L. Digne;80;80;0;30;Aston Villa;Defender;LB;178;74;Left;13-01-22;18000000;110000;73;78;75;77;60;78;9;75;Unique;Controlled;4;7;14;8,33;7
243849;P. Maghoma;67;75;8;23;Brentford;Midfielder;CAM;178;74;Right;16-01-20;2300000;34000;56;65;70;65;52;62;10;63;Lean (170-185);Controlled Explosive;16;9;13;12,67;0
222156;J. Bree;70;71;1;26;Southampton;Defender;RB;178;74;Right;26-01-23;1700000;35000;55;65;66;63;47;68;11;63;Normal (170-185);Controlled;24;20;15;19,67;0
251566;Gabriel Martinelli;82;85;3;23;Arsenal;Attacker;LW;178;75;Right;02-07-19;41500000;125000;77;75;86;76;57;44;7;70;Lean (170-185);Mostly Explosive;2;2;5;3,00;13
273599;H. Amass;60;85;25;17;Manchester United;Defender;LB;178;75;Left;01-07-23;750000;21000;39;48;67;47;40;57;12;52;Lean (170-185);Controlled Explosive;8;3;6;5,67;20
239301;L. Martínez;84;85;1;26;Manchester United;Defender;CB;178;77;Left;27-07-22;43500000;135000;68;74;77;76;62;86;11;76;Normal (170-185);Controlled;8;3;6;5,67;20
229906;L. Bailey;81;81;0;26;Aston Villa;Attacker;LW;178;77;Left;04-08-21;28000000;115000;72;79;88;72;52;36;12;68;Lean (170-185);Mostly Explosive;4;7;14;8,33;7
232487;W. Endo;80;80;0;31;Liverpool;Midfielder;CDM;178;77;Right;18-08-23;15000000;95000;64;66;71;76;61;78;9;71;Normal (170-185);Controlled Explosive;3;5;2;3,33;19
247090;E. Fernández;82;86;4;23;Chelsea;Midfielder;CM;178;78;Right;31-01-23;43500000;115000;72;82;74;77;65;74;8;75;Normal (170-185);Controlled;6;12;3;7,00;6
213884;R. Christie;77;77;0;29;AFC Bournemouth;Midfielder;CDM;178;79;Left;31-08-21;9000000;58000;64;74;77;76;64;72;10;73;Lean (170-185);Controlled Explosive;12;15;22;16,33;0
237386;K. Dewsbury-Hall;78;81;3;25;Chelsea;Midfielder;CM;178;80;Left;02-07-24;18500000;95000;72;76;73;77;61;70;11;73;Lean (170-185);Controlled;6;12;3;7,00;6
234078;O. Mangala;76;79;3;26;Everton;Midfielder;CM;178;80;Right;02-07-24;9500000;41000;58;71;76;72;56;74;7;69;Normal (170-185);Controlled;15;17;16;16,00;9
213956;Adama Traoré;76;76;0;28;Fulham;Attacker;RM;178;86;Right;12-08-23;7500000;69000;61;66;85;77;49;36;10;64;Unique;Mostly Explosive;13;10;21;14,67;0
261336;J. Philogene;75;82;7;22;Aston Villa;Midfielder;CAM;179;67;Right;19-07-24;11500000;67000;64;69;79;67;46;38;9;62;Lean (170-185);Mostly Explosive;4;7;14;8,33;7
217036;Álex Moreno;79;79;0;31;Nottingham Forest;Defender;LB;179;68;Left;11-01-23;12500000;100000;70;70;80;67;62;77;11;73;Normal (170-185);Mostly Explosive;17;16;24;19,00;1
224411;Gonçalo Guedes;76;76;0;27;Wolverhampton Wanderers;Attacker;ST;179;68;Right;08-08-22;8000000;61000;73;74;79;75;55;29;10;66;Normal (170-185);Controlled Explosive;14;13;10;12,33333333;3
212484;W. Burns;72;72;0;29;Ipswich Town;Attacker;RM;179;68;Right;09-06-21;2300000;42000;64;62;84;75;54;59;10;68;Normal (170-185);Mostly Explosive;22;51;42;38,33;1
212198;Bruno Fernandes;87;87;0;29;Manchester United;Midfielder;CAM;179;69;Right;30-01-20;78000000;190000;81;85;77;79;70;66;13;79;Unique;Controlled Explosive;8;3;6;5,67;20
215798;M. Cornet;75;75;0;27;Southampton;Attacker;LW;179;69;Left;05-08-22;6000000;67000;72;71;78;75;58;67;12;72;Lean (170-185);Controlled Explosive;24;20;15;19,67;0
213991;J. Lerma;79;79;0;29;Crystal Palace;Midfielder;CDM;179;70;Right;01-07-23;15000000;83000;69;72;73;81;59;76;11;74;Normal (170-185);Controlled;10;11;12;11,00;0
254243;E. Anderson;76;82;6;21;Nottingham Forest;Midfielder;CAM;179;71;Right;01-07-24;12000000;40000;68;70;76;75;59;69;8;71;Normal (170-185);Controlled;17;16;24;19,00;1
266127;L. Hall;75;84;9;19;Newcastle United;Defender;LWB;179;71;Left;01-07-24;11500000;51000;67;74;77;65;53;72;11;70;Normal (170-185);Controlled Explosive;7;4;11;7,33;4
236015;M. Gibbs-White;79;82;3;24;Nottingham Forest;Midfielder;CAM;179;72;Right;19-08-22;24000000;61000;73;78;78;74;60;59;11;72;Normal (170-185);Controlled Explosive;17;16;24;19,00;1
237819;N. Domínguez;77;78;1;26;Nottingham Forest;Midfielder;CDM;179;73;Right;01-09-23;11000000;56000;65;70;75;74;58;74;8;71;Lean (170-185);Controlled Explosive;17;16;24;19,00;1
206085;J. Murphy;76;76;0;29;Newcastle United;Attacker;RW;179;74;Right;19-07-17;7500000;90000;62;72;78;74;56;60;12;69;Normal (170-185);Controlled Explosive;7;4;11;7,33;4
208830;J. Vardy;77;77;0;37;Leicester City;Attacker;ST;179;74;Right;01-05-12;3600000;45000;76;67;72;70;61;50;12;68;Unique;Controlled Explosive;21;18;8;15,67;1
271218;W. Alves;63;79;16;19;Leicester City;Midfielder;CAM;179;74;Right;01-07-21;1200000;21000;55;62;65;54;44;45;8;55;Lean (170-185);Controlled;21;18;8;15,67;1
272500;C. Baleba;75;84;9;20;Brighton & Hove Albion;Midfielder;CDM;179;75;Left;29-08-23;11500000;47000;60;65;75;78;55;71;10;69;Normal (170-185);Controlled Explosive;11;6;9;8,666666667;0
255718;R. Sosa;75;78;3;24;Nottingham Forest;Attacker;RM;179;75;Right;16-08-24;7500000;45000;59;65;76;66;50;47;9;62;Normal (170-185);Mostly Explosive;17;16;24;19,00;1
269421;Jota Silva;77;80;3;24;Nottingham Forest;Attacker;RM;179;77;Right;01-08-24;14500000;51000;71;68;79;75;56;39;10;66;Normal (170-185);Mostly Explosive;17;16;24;19,00;1
232223;K. Tsimikas;78;78;0;28;Liverpool;Defender;LB;179;77;Left;10-08-20;12500000;81000;60;74;77;74;60;75;10;71;Normal (170-185);Controlled;3;5;2;3,33;19
251805;J. Timber;79;83;4;23;Arsenal;Defender;CB;179;78;Right;14-07-23;22500000;90000;58;59;76;69;54;80;10;68;Normal (170-185);Controlled Explosive;2;2;5;3,00;13
238074;R. James;82;84;2;24;Chelsea;Defender;CB;179;91;Right;01-03-17;36500000;110000;76;81;79;80;65;82;10;79;Stocky (170-185);Controlled Explosive;6;12;3;7,00;6
271800;Y. Minteh;74;86;12;19;Brighton & Hove Albion;Attacker;LM;180;65;Left;30-06-24;10000000;43000;59;62;86;59;49;46;9;62;Lean (170-185);Mostly Explosive;11;6;9;8,666666667;0
268439;T. Collyer;64;75;11;20;Manchester United;Midfielder;CDM;180;65;Right;20-03-22;1200000;33000;48;60;67;60;47;62;11;59;Lean (170-185);Controlled;8;3;6;5,67;20
196978;C. Wilson;81;81;0;32;Newcastle United;Attacker;ST;180;66;Right;07-09-20;21000000;130000;75;67;78;77;60;35;10;67;Normal (170-185);Controlled;7;4;11;7,33;4
279128;T. Nyoni;62;84;22;17;Liverpool;Midfielder;CAM;180;66;Right;12-11-23;1200000;22000;54;59;65;52;46;49;8;55;Lean (170-185);Controlled;3;5;2;3,33;19
229723;M. Jensen;77;77;0;28;Brentford;Midfielder;CM;180;68;Right;10-07-19;10500000;67000;64;74;73;69;62;68;10;70;Lean (170-185);Controlled;16;9;13;12,67;0
241842;B. Johnson;73;78;5;24;Ipswich Town;Defender;RB;180;69;Right;01-07-24;4300000;34000;54;59;69;61;48;73;11;63;Normal (170-185);Controlled;22;51;42;38,33;1
221697;O. Watkins;85;85;0;28;Aston Villa;Attacker;ST;180;70;Right;09-09-20;55000000;185000;79;72;82;84;62;42;12;72;Normal (170-185);Controlled;4;7;14;8,33;7
242641;R. Aït-Nouri;79;85;6;23;Wolverhampton Wanderers;Defender;LB;180;70;Left;09-07-21;26000000;58000;62;74;81;66;55;75;12;71;Lean (170-185);Mostly Explosive;14;13;10;12,33333333;3
257504;B. El Khannouss;75;85;10;20;Leicester City;Midfielder;CAM;180;70;Right;29-08-24;12500000;35000;59;75;79;60;44;37;11;61;Lean (170-185);Controlled Explosive;21;18;8;15,67;1
261188;I. Ndiaye;76;80;4;24;Everton;Midfielder;CAM;180;70;Right;03-07-24;11000000;42000;68;69;81;70;52;33;9;64;Lean (170-185);Mostly Explosive;15;17;16;16,00;9
241508;M. Damsgaard;75;79;4;23;Brentford;Midfielder;CAM;180;70;Right;10-08-22;8000000;50000;62;75;81;70;55;62;10;69;Lean (170-185);Mostly Explosive;16;9;13;12,67;0
270676;S. Mills;62;74;12;20;Everton;Midfielder;CAM;180;70;Right;01-07-21;950000;22000;57;58;65;60;40;30;8;53;Normal (170-185);Controlled;15;17;16;16,00;9
74242;Z. Abbott;60;77;17;18;Nottingham Forest;Defender;CB;180;70;Right;22-08-22;600000;19000;41;43;55;51;38;61;11;50;Normal (170-185);Controlled;17;16;24;19,00;1
260908;M. Kerkez;78;84;6;20;AFC Bournemouth;Defender;LWB;180;71;Left;20-07-23;20500000;43000;64;65;83;69;57;73;11;70;Normal (170-185);Mostly Explosive;12;15;22;16,33;0
244380;V. Mykolenko;77;80;3;25;Everton;Defender;LB;180;71;Left;01-01-22;13000000;48000;64;54;72;66;46;78;11;65;Normal (170-185);Controlled;15;17;16;16,00;9
216266;K. Tete;77;77;0;28;Fulham;Defender;RB;180;71;Right;10-09-20;9500000;71000;60;62;74;69;53;77;10;67;Normal (170-185);Controlled Explosive;13;10;21;14,67;0
231281;T. Alexander-Arnold;86;87;1;25;Liverpool;Midfielder;CM;180;72;Right;07-10-15;74000000;140000;77;86;76;79;65;79;11;79;Unique;Controlled Explosive;3;5;2;3,33;19
268438;Alejandro Garnacho;79;87;8;20;Manchester United;Attacker;RM;180;72;Right;28-07-21;38500000;71000;70;71;85;66;52;34;11;65;Lean (170-185);Mostly Explosive;8;3;6;5,67;20
233927;Lucas Paquetá;81;81;0;26;West Ham United;Attacker;LM;180;72;Left;29-08-22;28000000;100000;75;80;75;78;64;67;11;75;Normal (170-185);Controlled;9;14;7;10,00;0
246923;J. Ramsey;78;82;4;23;Aston Villa;Midfielder;CAM;180;72;Right;01-07-17;20000000;81000;69;71;80;76;58;69;10;72;Normal (170-185);Controlled Explosive;4;7;14;8,33;7
264349;J. McAtee;70;80;10;21;Manchester City;Midfielder;CAM;180;72;Left;01-07-20;3600000;53000;59;68;67;65;45;43;9;59;Lean (170-185);Controlled Explosive;1;1;1;1,00;10
270608;Y. Yarmoliuk;68;80;12;20;Brentford;Midfielder;CAM;180;72;Right;14-07-22;2900000;30000;59;66;65;60;49;52;8;60;Normal (170-185);Controlled;16;9;13;12,67;0
278292;J. McConnell;63;77;14;19;Liverpool;Midfielder;CM;180;72;Right;01-07-23;1100000;30000;56;55;61;57;49;57;10;57;Lean (170-185);Controlled;3;5;2;3,33;19
241084;L. Díaz;84;84;0;27;Liverpool;Attacker;LM;180;73;Right;31-01-22;45000000;130000;76;77;86;81;56;42;13;72;Unique;Mostly Explosive;3;5;2;3,33;19
242619;C. Doucouré;79;84;5;24;Crystal Palace;Midfielder;CDM;180;73;Right;11-07-22;24500000;69000;59;67;69;67;59;78;13;69;Normal (170-185);Controlled;10;11;12;11,00;0
226491;K. Tierney;79;79;0;27;Arsenal;Defender;LB;180;73;Left;08-08-19;17000000;105000;62;70;77;74;59;78;12;72;Lean (170-185);Controlled Explosive;2;2;5;3,00;13
236988;E. Nketiah;76;80;4;25;Crystal Palace;Attacker;ST;180;73;Right;30-08-24;10500000;69000;67;60;78;70;48;19;9;59;Normal (170-185);Mostly Explosive;10;11;12;11,00;0
72159;M. Moore;66;86;20;16;Tottenham Hotspur;Midfielder;CAM;180;74;Right;02-05-24;2300000;26000;57;63;73;60;41;32;8;56;Lean (170-185);Controlled Explosive;5;8;4;5,67;2
208920;N. Aké;84;85;1;29;Manchester City;Defender;CB;180;75;Left;05-08-20;39000000;170000;65;70;74;71;56;84;10;72;Normal (170-185);Controlled Explosive;1;1;1;1,00;10
278016;Murillo;79;85;6;21;Nottingham Forest;Defender;CB;180;75;Left;31-08-23;25500000;48000;54;64;70;74;51;79;12;67;Stocky (170-185);Controlled Explosive;17;16;24;19,00;1
213655;A. Iwobi;78;78;0;28;Fulham;Attacker;LM;180;75;Right;01-09-23;14000000;79000;68;70;76;74;55;55;12;68;Normal (170-185);Controlled;13;10;21;14,67;0
233049;J. Sancho;82;86;4;24;Chelsea;Midfielder;CAM;180;76;Right;23-07-21;43500000;100000;70;78;84;66;51;33;10;65;Unique;Mostly Explosive;6;12;3;7,00;6
212188;T. Werner;79;79;0;28;Tottenham Hotspur;Attacker;LW;180;76;Right;09-08-22;17500000;61000;75;68;83;77;55;28;10;66;Unique;Mostly Explosive;5;8;4;5,67;2
234153;Carlos Soler;77;78;1;27;West Ham United;Midfielder;CAM;180;76;Right;01-09-22;12000000;66000;71;78;75;73;61;69;10;73;Normal (170-185);Controlled Explosive;9;14;7;10,00;0
258167;R. Edwards;68;80;12;21;Southampton;Defender;CB;180;76;Right;03-07-24;2800000;24000;42;48;67;60;45;69;9;57;Normal (170-185);Controlled;24;20;15;19,67;0
206594;S. March;78;78;0;29;Brighton & Hove Albion;Attacker;RM;180;77;Left;18-12-12;14000000;84000;67;75;75;70;56;68;11;70;Lean (170-185);Controlled Explosive;11;6;9;8,666666667;0
190885;A. Smith;73;73;0;33;AFC Bournemouth;Defender;RB;180;78;Right;28-01-14;1600000;44000;61;67;67;70;55;74;9;67;Lean (170-185);Controlled;12;15;22;16,33;0
186942;İ. Gündoğan;85;85;0;33;Manchester City;Midfielder;CM;180;80;Right;23-08-24;33000000;195000;74;85;73;75;66;74;10;76;Normal (170-185);Controlled;1;1;1;1,00;10
245729;H. Clarke;69;75;6;23;Ipswich Town;Defender;CB;180;80;Right;19-01-23;2100000;29000;60;57;72;73;49;66;11;65;Normal (170-185);Controlled Explosive;22;51;42;38,33;1
206517;J. Grealish;83;83;0;28;Manchester City;Attacker;LW;180;81;Right;05-08-21;36500000;175000;72;83;81;76;56;53;10;72;Unique;Controlled Explosive;1;1;1;1,00;10
190717;M. Antonio;77;77;0;34;West Ham United;Attacker;ST;180;82;Right;01-09-15;5000000;85000;75;70;74;79;59;52;11;70;Stocky (170-185);Controlled Explosive;9;14;7;10,00;0
189682;B. Mee;77;77;0;34;Brentford;Defender;CB;180;82;Left;22-07-22;3400000;64000;52;49;57;66;49;79;12;61;Normal (170-185);Controlled;16;9;13;12,67;0
71998;T. George;64;84;20;18;Chelsea;Midfielder;CAM;181;66;Right;04-02-23;1600000;35000;54;61;76;60;41;30;8;55;Lean (170-185);Mostly Explosive;6;12;3;7,00;6
242444;João Félix;81;85;4;24;Chelsea;Midfielder;CAM;181;70;Right;21-08-24;37000000;110000;76;78;83;75;57;41;13;71;Unique;Mostly Explosive;6;12;3;7,00;6
240097;F. Downes;75;78;3;25;Southampton;Midfielder;CDM;181;70;Right;16-07-24;6500000;44000;57;66;71;68;55;72;11;67;Lean (170-185);Controlled Lengthy;24;20;15;19,67;0
262118;T. Livramento;78;85;7;21;Newcastle United;Defender;RWB;181;71;Right;08-08-23;27000000;65000;59;70;79;66;54;75;11;69;Normal (170-185);Controlled Explosive;7;4;11;7,33;4
264298;C. Bradley;76;84;8;20;Liverpool;Defender;RWB;181;71;Right;01-06-20;15500000;49000;64;61;76;69;55;72;10;68;Lean (170-185);Controlled Explosive;3;5;2;3,33;19
277705;Y. Konak;60;78;18;18;Brentford;Midfielder;CDM;181;72;Right;11-01-24;600000;21000;47;52;59;51;45;57;13;54;Lean (170-185);Controlled;16;9;13;12,67;0
237646;D. Muñoz;79;79;0;28;Crystal Palace;Defender;RB;181;73;Right;30-01-24;16000000;83000;74;65;80;75;61;74;9;73;Normal (170-185);Controlled;10;11;12;11,00;0
233064;M. Mount;78;81;3;25;Manchester United;Midfielder;CAM;181;74;Right;05-07-23;18500000;83000;74;81;74;71;60;59;11;72;Lean (170-185);Controlled Explosive;8;3;6;5,67;20
242908;J. Clarke;74;80;6;23;Ipswich Town;Midfielder;CAM;181;74;Right;24-08-24;6500000;39000;63;67;80;67;51;38;9;62;Lean (170-185);Mostly Explosive;22;51;42;38,33;1
277283;J. Hinshelwood;72;83;11;19;Brighton & Hove Albion;Midfielder;CDM;181;74;Right;01-07-22;4800000;36000;67;69;70;69;56;69;8;68;Lean (170-185);Controlled Lengthy;11;6;9;8,666666667;0
192985;K. De Bruyne;90;90;0;33;Manchester City;Midfielder;CM;181;75;Right;30-08-15;73500000;300000;82;89;76;81;68;63;11;78;Unique;Controlled;1;1;1;1,00;10
205988;L. Shaw;82;82;0;28;Manchester United;Defender;LB;181;75;Left;27-06-14;27500000;120000;71;78;74;74;61;81;10;75;Stocky (170-185);Controlled Explosive;8;3;6;5,67;20
231005;C. Ogbene;74;74;0;27;Ipswich Town;Attacker;RM;181;75;Right;28-08-24;4500000;45000;66;66;79;76;52;64;11;69;Normal (170-185);Controlled;22;51;42;38,33;1
263620;R. Lavia;77;85;8;20;Chelsea;Midfielder;CDM;181;76;Right;18-08-23;22000000;65000;58;69;74;68;54;76;9;68;Normal (170-185);Controlled;6;12;3;7,00;6
205923;B. Davies;76;76;0;31;Tottenham Hotspur;Defender;CB;181;76;Left;23-07-14;5000000;76000;66;68;65;66;56;78;9;68;Normal (170-185);Controlled Lengthy;5;8;4;5,67;2
265412;H. Vale;65;79;14;20;Chelsea;Midfielder;CAM;181;76;Left;11-09-20;1700000;41000;59;62;71;63;47;57;13;62;Lean (170-185);Controlled Explosive;6;12;3;7,00;6
256612;Evanilson;80;84;4;24;AFC Bournemouth;Attacker;ST;181;77;Right;16-08-24;30500000;69000;72;68;75;79;56;30;10;65;Normal (170-185);Controlled Explosive;12;15;22;16,33;0
229984;B. Chilwell;78;78;0;27;Chelsea;Defender;LB;181;77;Left;26-08-20;13500000;95000;70;75;73;67;59;76;10;72;Normal (170-185);Controlled;6;12;3;7,00;6
259762;V. Kristiansen;75;81;6;21;Leicester City;Defender;LWB;181;77;Left;20-01-23;8500000;32000;62;66;72;67;53;73;9;67;Normal (170-185);Controlled;21;18;8;15,67;1
241096;S. Tonali;85;87;2;24;Newcastle United;Midfielder;CDM;181;79;Right;03-07-23;63000000;135000;74;80;83;82;64;83;9;79;Unique;Controlled;7;4;11;7,33;4
269136;K. Mainoo;78;87;9;19;Manchester United;Midfielder;CAM;181;80;Right;16-05-22;28500000;57000;68;75;79;71;59;75;10;73;Lean (170-185);Controlled Explosive;8;3;6;5,67;20
245741;J. Lindstrøm;75;80;5;24;Everton;Midfielder;CAM;182;63;Right;29-08-23;8500000;67000;62;69;79;65;52;43;12;64;Lean (170-185);Mostly Explosive;15;17;16;16,00;9
259240;A. Wharton;78;85;7;20;Crystal Palace;Midfielder;CDM;182;70;Left;01-02-24;26000000;53000;66;74;74;68;58;76;9;71;Lean (170-185);Controlled Explosive;10;11;12;11,00;0
252042;João Pedro;77;83;6;22;Brighton & Hove Albion;Attacker;ST;182;70;Right;14-06-23;17000000;72000;73;67;75;74;48;23;9;62;Lean (170-185);Controlled Explosive;11;6;9;8,666666667;0
246685;L. Davis;76;81;5;24;Ipswich Town;Defender;LWB;182;70;Left;25-07-22;10500000;42000;61;75;77;72;56;70;10;70;Normal (170-185);Controlled Explosive;22;51;42;38,33;1
225783;S. Mavididi;76;77;1;26;Leicester City;Attacker;ST;182;71;Right;31-07-23;9000000;49000;72;68;79;76;49;23;9;63;Lean (170-185);Controlled;21;18;8;15,67;1
240273;E. Smith Rowe;78;81;3;23;Fulham;Midfielder;CAM;182;73;Right;02-08-24;19000000;67000;65;73;78;67;53;50;10;66;Normal (170-185);Controlled Explosive;13;10;21;14,67;0
247851;Bruno Guimarães;85;86;1;26;Newcastle United;Midfielder;CM;182;74;Right;31-01-22;56500000;155000;73;80;77;81;66;80;11;78;Lean (170-185);Controlled;7;4;11;7,33;4
256488;M. Cox;65;78;13;21;Brentford;Goalkeeper;GK;182;74;Right;22-07-21;1500000;13000;13;18;38;31;15;9;65;32;Normal (170-185);Controlled;16;9;13;12,67;0
254796;N. Madueke;79;84;5;22;Chelsea;Midfielder;CAM;182;75;Left;21-01-23;27000000;95000;66;74;85;74;54;38;10;67;Lean (170-185);Mostly Explosive;6;12;3;7,00;6
270579;W. Odobert;73;84;11;19;Tottenham Hotspur;Midfielder;CAM;182;75;Right;16-08-24;6500000;43000;60;63;79;60;44;29;9;57;Lean (170-185);Mostly Explosive;5;8;4;5,67;2
240740;C. Hudson-Odoi;78;82;4;23;Nottingham Forest;Midfielder;CAM;182;76;Right;01-09-23;20000000;54000;67;76;80;71;51;49;12;68;Normal (170-185);Mostly Explosive;17;16;24;19,00;1
190460;C. Eriksen;78;78;0;32;Manchester United;Midfielder;CM;182;76;Right;15-07-22;11000000;90000;72;82;62;64;53;50;9;65;Unique;Controlled;8;3;6;5,67;20
263901;E. Turns;64;75;11;21;Brighton & Hove Albion;Defender;CB;182;76;Left;22-09-20;1200000;31000;40;41;59;58;41;63;12;52;Normal (170-185);Controlled Lengthy;11;6;9;8,666666667;0
253306;M. Ugarte;81;86;5;23;Manchester United;Midfielder;CDM;182;77;Right;30-08-24;35500000;90000;61;71;72;73;64;80;11;72;Normal (170-185);Controlled Explosive;8;3;6;5,67;20
245637;G. Rutter;76;84;8;22;Brighton & Hove Albion;Midfielder;CAM;182;77;Left;19-08-24;17000000;63000;70;67;78;76;45;45;10;65;Normal (170-185);Controlled;11;6;9;8,666666667;0
236480;Y. Bissouma;80;81;1;27;Tottenham Hotspur;Midfielder;CDM;182;78;Right;17-06-22;21500000;95000;67;76;74;77;60;78;10;74;Lean (170-185);Controlled;5;8;4;5,67;2
243657;J. Garner;75;81;6;23;Everton;Midfielder;CM;182;80;Right;01-09-22;9000000;40000;65;74;66;71;59;72;8;69;Lean (170-185);Controlled Lengthy;15;17;16;16,00;9
197756;J. Ayew;75;75;0;32;Leicester City;Attacker;RM;182;81;Right;23-08-24;4500000;48000;73;71;75;74;58;54;9;69;Normal (170-185);Controlled Explosive;21;18;8;15,67;1
241159;M. Guéhi;81;84;3;23;Crystal Palace;Defender;CB;182;82;Right;18-07-21;31500000;78000;56;62;72;62;48;82;10;66;Normal (170-185);Controlled Lengthy;10;11;12;11,00;0
236401;N. Mazraoui;81;82;1;26;Manchester United;Defender;RB;183;65;Right;13-08-24;27500000;105000;70;71;79;70;59;78;11;73;Lean (170-185);Controlled Lengthy;8;3;6;5,67;20
275876;B. Parkinson;57;77;20;19;Newcastle United;Attacker;ST;183;66;Right;14-07-23;450000;37000;52;51;65;56;37;30;11;50;Lean (170-185);Controlled;7;4;11;7,33;4
252975;B. Traoré;71;80;9;22;Wolverhampton Wanderers;Midfielder;CDM;183;67;Right;01-07-23;4000000;36000;56;63;69;67;54;67;12;65;Lean (170-185);Controlled;14;13;10;12,33333333;3
229348;A. Robinson;80;81;1;26;Fulham;Defender;LB;183;70;Left;20-08-20;22500000;84000;61;70;81;65;57;76;12;70;Lean (185+);Controlled Lengthy;13;10;21;14,67;0
243282;D. McNeil;78;81;3;24;Everton;Midfielder;CAM;183;70;Left;28-07-22;19000000;48000;70;78;72;75;53;56;12;69;Lean (170-185);Controlled;15;17;16;16,00;9
266609;T. Iroegbunam;71;80;9;21;Everton;Midfielder;CDM;183;70;Right;22-06-24;4000000;26000;58;62;66;67;54;67;10;64;Lean (170-185);Controlled Lengthy;15;17;16;16,00;9
218659;M. Targett;74;74;0;28;Newcastle United;Defender;LB;183;70;Left;10-06-22;3800000;72000;58;71;65;62;52;73;12;66;Normal (170-185);Controlled;7;4;11;7,33;4
264209;L. Bogarde;66;76;10;20;Aston Villa;Defender;CB;183;70;Right;12-01-21;1800000;37000;53;57;62;61;50;65;11;60;Normal (170-185);Controlled Lengthy;4;7;14;8,33;7
241202;P. Daka;74;77;3;25;Leicester City;Attacker;ST;183;71;Right;01-07-21;5500000;45000;65;66;81;73;48;21;8;60;Normal (170-185);Controlled Lengthy;21;18;8;15,67;1
206086;H. Toffolo;72;72;0;28;Nottingham Forest;Defender;LB;183;71;Left;20-07-22;2100000;43000;61;66;69;66;50;71;14;66;Normal (170-185);Controlled;17;16;24;19,00;1
242964;A. Gordon;82;86;4;23;Newcastle United;Attacker;RM;183;72;Right;29-01-23;43500000;120000;74;77;83;75;56;51;8;71;Lean (170-185);Controlled;7;4;11;7,33;4
229880;A. Wan-Bissaka;79;80;1;26;West Ham United;Defender;RB;183;72;Right;13-08-24;19000000;85000;56;66;78;66;56;82;8;68;Unique;Controlled Lengthy;9;14;7;10,00;0
243057;N. Williams;76;80;4;23;Nottingham Forest;Defender;RB;183;72;Right;10-07-22;10000000;45000;58;65;73;63;52;76;11;66;Lean (170-185);Controlled;17;16;24;19,00;1
203751;C. Townsend;71;71;0;31;Ipswich Town;Defender;LB;183;73;Left;01-08-24;1400000;39000;55;64;68;63;49;69;8;63;Lean (170-185);Controlled;22;51;42;38,33;1
226790;W. Ndidi;78;78;0;27;Leicester City;Midfielder;CDM;183;74;Right;05-01-17;13000000;53000;69;69;68;75;60;75;11;71;Lean (170-185);Controlled Lengthy;21;18;8;15,67;1
220901;David Raya;84;86;2;28;Arsenal;Goalkeeper;GK;183;75;Right;04-07-24;36000000;105000;27;32;61;42;25;18;84;48;Normal (170-185);Controlled;2;2;5;3,00;13
237916;W. Smallbone;73;77;4;24;Southampton;Midfielder;CM;183;75;Right;21-02-17;4300000;36000;60;71;71;68;54;68;9;67;Lean (170-185);Controlled;24;20;15;19,67;0
262569;R. Trevitt;61;75;14;21;Brentford;Midfielder;CAM;183;75;Right;11-01-21;800000;26000;53;55;62;58;47;50;8;56;Lean (170-185);Controlled;16;9;13;12,67;0
234574;Diogo Dalot;82;84;2;25;Manchester United;Defender;RWB;183;76;Right;09-06-18;35000000;105000;67;74;80;80;61;79;8;75;Normal (170-185);Controlled;8;3;6;5,67;20
240243;Matheus Cunha;80;82;2;25;Wolverhampton Wanderers;Midfielder;CAM;183;76;Right;01-07-23;26500000;73000;75;76;81;79;58;41;10;70;Lean (170-185);Controlled Lengthy;14;13;10;12,33333333;3
253124;Matheus Nunes;78;80;2;25;Manchester City;Midfielder;CAM;183;76;Right;01-09-23;17500000;100000;64;75;78;74;62;74;12;73;Lean (170-185);Controlled Lengthy;1;1;1;1,00;10
231044;J. Aribo;73;73;0;27;Southampton;Midfielder;CM;183;76;Left;13-07-22;3200000;41000;66;70;76;74;59;64;10;70;Normal (170-185);Controlled;24;20;15;19,67;0
227678;E. Konsa;81;82;1;26;Aston Villa;Defender;CB;183;77;Right;11-07-19;26500000;110000;63;64;74;68;53;83;11;69;Lean (170-185);Controlled Lengthy;4;7;14;8,33;7
236699;S. Lukić;76;76;0;27;Fulham;Midfielder;CDM;183;77;Right;31-01-23;7000000;63000;68;75;62;71;62;74;10;70;Lean (170-185);Controlled Lengthy;13;10;21;14,67;0
200104;H. Son;87;87;0;31;Tottenham Hotspur;Attacker;ST;183;78;Right;28-08-15;67500000;200000;82;81;84;83;58;37;11;73;Unique;Controlled Lengthy;5;8;4;5,67;2
274359;N. Opoku;66;73;7;22;Leicester City;Attacker;ST;183;78;Right;31-01-23;1800000;30000;60;55;73;65;45;21;10;55;Lean (170-185);Controlled Lengthy;21;18;8;15,67;1
231554;J. Justin;76;77;1;26;Leicester City;Defender;RB;183;80;Right;28-06-19;8000000;46000;64;66;73;64;52;74;9;67;Normal (170-185);Controlled;21;18;8;15,67;1
257896;N. Patterson;71;77;6;22;Everton;Defender;RB;183;80;Right;04-01-22;2800000;31000;54;63;73;63;47;72;9;63;Lean (170-185);Controlled Lengthy;15;17;16;16,00;9
188377;K. Walker;83;83;0;34;Manchester City;Defender;RB;183;83;Right;14-07-17;13500000;155000;67;77;79;81;60;80;11;76;Unique;Controlled Lengthy;1;1;1;1,00;10
230978;T. Awoniyi;76;77;1;26;Nottingham Forest;Attacker;ST;183;84;Right;01-07-22;9000000;59000;70;59;68;77;52;25;9;60;Stocky (170-185);Controlled Lengthy;17;16;24;19,00;1
238157;M. Roerslev;73;76;3;25;Brentford;Defender;RWB;184;67;Right;07-08-19;3700000;44000;59;61;69;61;51;70;12;64;Lean (170-185);Controlled;16;9;13;12,67;0
265420;Matheus França;69;84;15;20;Crystal Palace;Attacker;RM;184;67;Right;05-08-23;3400000;34000;66;65;74;69;44;35;12;61;Lean (170-185);Controlled Lengthy;10;11;12;11,00;0
236987;B. Kamara;82;84;2;24;Aston Villa;Midfielder;CDM;184;68;Right;01-07-22;35500000;105000;59;67;68;74;59;83;9;70;Lean (170-185);Controlled Lengthy;4;7;14;8,33;7
259868;P. Sarr;79;85;6;21;Tottenham Hotspur;Midfielder;CM;184;70;Right;27-08-21;26000000;67000;66;69;73;73;60;76;10;71;Lean (170-185);Controlled Lengthy;5;8;4;5,67;2
231943;Richarlison;81;82;1;27;Tottenham Hotspur;Attacker;ST;184;71;Right;01-07-22;30000000;120000;79;73;77;79;61;50;10;71;Normal (170-185);Controlled Lengthy;5;8;4;5,67;2
243702;D. Spence;72;78;6;23;Tottenham Hotspur;Defender;RWB;184;71;Right;19-07-22;3500000;50000;51;57;78;60;44;67;9;61;Lean (170-185);Controlled;5;8;4;5,67;2
232730;D. Kamada;79;79;0;27;Crystal Palace;Midfielder;CAM;184;72;Right;01-07-24;18500000;85000;69;78;79;68;58;55;9;69;Lean (170-185);Controlled;10;11;12;11,00;0
74207;K. Nedeljković;68;81;13;18;Aston Villa;Defender;RWB;184;72;Right;22-01-24;2700000;33000;53;62;70;57;48;63;9;60;Lean (170-185);Controlled;4;7;14;8,33;7
248492;J. Hill;69;78;9;22;AFC Bournemouth;Defender;CB;184;73;Right;05-01-22;2900000;31000;50;51;65;61;46;68;9;58;Lean (170-185);Controlled Lengthy;12;15;22;16,33;0
208004;J. Veltman;77;77;0;32;Brighton & Hove Albion;Defender;CB;184;75;Right;29-07-20;7500000;76000;62;60;63;64;52;81;9;65;Normal (170-185);Controlled Lengthy;11;6;9;8,666666667;0
231445;J. Dasilva;73;75;2;25;Brentford;Midfielder;CAM;184;75;Left;20-08-18;3800000;46000;64;70;71;75;56;67;11;69;Normal (170-185);Controlled Lengthy;16;9;13;12,67;0
71651;J. Acheampong;63;83;20;18;Chelsea;Defender;CB;184;75;Right;03-01-24;1300000;32000;47;50;68;63;43;60;10;57;Lean (170-185);Controlled;6;12;3;7,00;6
208135;A. Doucouré;75;75;0;31;Everton;Midfielder;CAM;184;76;Right;08-09-20;4700000;49000;74;68;64;82;62;76;14;73;Unique;Controlled Lengthy;15;17;16;16,00;9
235167;V. Janelt;76;78;2;26;Brentford;Midfielder;CDM;184;79;Left;03-10-20;9000000;60000;68;69;66;76;58;74;8;70;Lean (170-185);Controlled Lengthy;16;9;13;12,67;0
73895;J. Devenny;60;74;14;20;Crystal Palace;Midfielder;CM;184;80;Left;21-08-23;600000;28000;57;60;62;63;48;56;11;60;Normal (170-185);Controlled Lengthy;10;11;12;11,00;0
224656;O. Aina;77;77;0;27;Nottingham Forest;Defender;RB;184;82;Right;22-07-23;10000000;56000;64;64;80;75;55;72;10;70;Normal (170-185);Controlled;17;16;24;19,00;1
71634;E. da Silva Moreira;61;80;19;18;Nottingham Forest;Attacker;RM;184;82;Right;25-06-24;825000;21000;49;54;68;53;41;54;11;55;Normal (170-185);Controlled;17;16;24;19,00;1
207650;E. Krafth;73;73;0;29;Newcastle United;Defender;RB;184;83;Right;08-08-19;2700000;66000;63;68;61;68;52;76;11;66;Normal (170-185);Controlled Lengthy;7;4;11;7,33;4
212811;M. Lemina;79;79;0;30;Wolverhampton Wanderers;Midfielder;CDM;184;85;Right;13-01-23;14500000;71000;71;75;71;79;62;77;12;74;Normal (170-185);Controlled Lengthy;14;13;10;12,33333333;3
235353;I. Sarr;76;77;1;26;Crystal Palace;Attacker;RW;185;70;Right;01-08-24;9000000;71000;66;71;81;75;46;21;10;62;Lean (185+);Controlled Lengthy;10;11;12;11,00;0
204760;C. Taylor;72;72;0;30;Southampton;Defender;LB;185;70;Left;01-07-24;2000000;40000;60;67;64;70;53;73;11;66;Normal (185+);Controlled Lengthy;24;20;15;19,67;0
233851;J. Taylor;68;73;5;26;Ipswich Town;Midfielder;CM;185;70;Right;26-06-23;1600000;33000;62;62;71;72;52;64;12;66;Lean (185+);Controlled;22;51;42;38,33;1
74413;H. Armstrong;61;82;21;17;Everton;Midfielder;CM;185;70;Right;01-07-24;1000000;15000;53;57;63;57;47;50;10;56;Lean (185+);Controlled;15;17;16;16,00;9
278098;K. Casey;57;74;17;19;West Ham United;Defender;CB;185;70;Right;31-05-22;400000;26000;39;36;53;50;37;58;12;47;Lean (185+);Controlled Lengthy;9;14;7;10,00;0
234742;H. Barnes;80;80;0;26;Newcastle United;Attacker;CF;185;72;Right;23-07-23;23000000;115000;69;76;81;77;52;42;8;67;Normal (185+);Controlled Lengthy;7;4;11;7,33;4
248808;A. Hickey;76;82;6;22;Brentford;Defender;RWB;185;72;Right;09-07-22;11500000;49000;64;64;71;66;54;75;11;67;Lean (185+);Controlled;16;9;13;12,67;0
186146;D. Welbeck;77;77;0;33;Brighton & Hove Albion;Attacker;ST;185;73;Right;18-10-20;6500000;85000;75;71;64;73;56;38;11;65;Normal (185+);Controlled Lengthy;11;6;9;8,666666667;0
71227;J. Danns;63;81;18;18;Liverpool;Attacker;ST;185;73;Right;01-07-23;1200000;32000;57;54;63;61;44;23;9;52;Lean (185+);Controlled;3;5;2;3,33;19
227174;M. Cash;79;80;1;26;Aston Villa;Defender;RB;185;74;Right;03-09-20;19000000;100000;64;68;75;73;57;79;13;71;Normal (185+);Controlled Lengthy;4;7;14;8,33;7
260926;K. Schade;72;80;8;22;Brentford;Attacker;LW;185;74;Right;01-07-23;5500000;44000;66;53;82;65;46;24;10;58;Lean (185+);Controlled;16;9;13;12,67;0
206516;W. Hughes;74;74;0;29;Crystal Palace;Midfielder;CDM;185;74;Left;28-08-21;3600000;58000;66;72;57;60;61;73;11;67;Lean (185+);Controlled;10;11;12;11,00;0
242434;C. Jones;80;84;4;23;Liverpool;Midfielder;CM;185;75;Right;01-02-18;30000000;82000;69;74;75;75;60;72;9;72;Unique;Controlled Lengthy;3;5;2;3,33;19
236506;M. Senesi;78;79;1;27;AFC Bournemouth;Defender;CB;185;75;Left;08-08-22;14000000;59000;61;61;63;67;51;79;10;65;Normal (185+);Controlled Lengthy;12;15;22;16,33;0
231485;A. Tuanzebe;73;74;1;26;Ipswich Town;Defender;CB;185;75;Right;08-09-23;3300000;40000;54;57;73;61;52;72;9;63;Normal (185+);Controlled Lengthy;22;51;42;38,33;1
202697;J. Stephens;73;73;0;30;Southampton;Defender;CB;185;75;Right;05-04-11;2500000;41000;52;63;54;62;49;74;11;61;Normal (185+);Controlled;24;20;15;19,67;0
193182;W. Foderingham;73;73;0;33;West Ham United;Goalkeeper;GK;185;75;Left;01-07-24;1000000;37000;23;24;51;49;23;14;73;43;Normal (185+);Controlled Lengthy;9;14;7;10,00;0
257534;C. Palmer;86;89;3;22;Chelsea;Midfielder;CAM;185;76;Left;01-09-23;94500000;170000;77;85;80;75;63;46;10;73;Lean (185+);Controlled;6;12;3;7,00;6
231936;B. White;84;85;1;26;Arsenal;Defender;RB;185;77;Right;30-07-21;45500000;155000;58;65;72;65;54;83;8;68;Lean (185+);Controlled Lengthy;2;2;5;3,00;13
209989;T. Partey;83;83;0;31;Arsenal;Midfielder;CDM;185;77;Right;05-10-20;25500000;145000;70;76;63;79;61;80;10;73;Lean (185+);Controlled Lengthy;2;2;5;3,00;13
204935;J. Pickford;82;82;0;30;Everton;Goalkeeper;GK;185;77;Left;15-06-17;20500000;49000;27;30;59;53;34;18;83;51;Normal (185+);Controlled Lengthy;15;17;16;16,00;9
232488;C. Romero;84;86;2;26;Tottenham Hotspur;Defender;CB;185;79;Right;30-08-22;46000000;135000;60;58;70;65;53;85;9;67;Normal (185+);Controlled Lengthy;5;8;4;5,67;2
241236;A. Semenyo;77;81;4;24;AFC Bournemouth;Attacker;ST;185;79;Right;27-01-23;15000000;51000;69;65;77;76;51;33;11;64;Stocky (185+);Controlled Lengthy;12;15;22;16,33;0
234378;D. Rice;87;88;1;25;Arsenal;Midfielder;CDM;185;80;Right;15-07-23;85000000;190000;70;80;70;84;65;85;9;77;Normal (185+);Controlled Lengthy;2;2;5;3,00;13
251517;J. Gvardiol;84;87;3;22;Manchester City;Defender;CB;185;80;Left;05-08-23;54500000;140000;72;74;76;81;62;84;8;76;Normal (185+);Controlled Lengthy;1;1;1;1,00;10
225659;G. Rodríguez;81;81;0;30;West Ham United;Midfielder;CDM;185;80;Right;06-08-24;21500000;100000;61;68;55;76;60;82;12;69;Lean (185+);Controlled Lengthy;9;14;7;10,00;0
264337;Rodrigo Muniz;75;81;6;23;Fulham;Attacker;ST;185;80;Right;20-08-21;9000000;60000;71;59;73;75;54;36;12;63;Normal (185+);Controlled Lengthy;13;10;21;14,67;0
222501;T. Castagne;76;76;0;28;Fulham;Defender;RB;185;80;Right;29-08-23;7000000;66000;63;62;70;67;57;73;13;67;Lean (185+);Controlled;13;10;21;14,67;0
201417;M. Doherty;73;73;0;32;Wolverhampton Wanderers;Defender;RB;185;80;Right;20-07-23;2100000;45000;65;64;68;73;56;71;11;68;Normal (185+);Controlled Lengthy;14;13;10;12,33333333;3
246158;M. Hermansen;77;82;5;23;Leicester City;Goalkeeper;GK;185;81;Right;18-07-23;13000000;25000;21;30;51;48;18;13;78;43;Normal (185+);Controlled;21;18;8;15,67;1
200145;Casemiro;83;83;0;32;Manchester United;Midfielder;CDM;185;84;Right;19-08-22;24000000;130000;75;74;51;78;65;81;13;73;Unique;Controlled;8;3;6;5,67;20
241585;Igor;77;80;3;26;Brighton & Hove Albion;Defender;CB;185;84;Left;26-07-23;12000000;72000;47;49;66;68;50;78;11;61;Stocky (185+);Controlled Lengthy;11;6;9;8,666666667;0
195202;T. Cairney;75;75;0;33;Fulham;Midfielder;CM;185;84;Left;26-06-15;3500000;66000;71;76;63;69;57;60;9;68;Normal (185+);Controlled;13;10;21;14,67;0
200159;S. Ortega;81;81;0;31;Manchester City;Goalkeeper;GK;185;88;Right;01-07-22;13500000;86000;23;34;56;51;26;19;81;48;Normal (185+);Controlled Lengthy;1;1;1;1,00;10
241436;C. Bassey;76;80;4;24;Fulham;Defender;CB;185;88;Left;28-07-23;9500000;55000;59;59;74;72;51;75;7;66;Normal (185+);Controlled Lengthy;13;10;21;14,67;0
231677;M. Rashford;81;81;0;26;Manchester United;Attacker;CF;186;70;Right;21-11-15;28000000;110000;76;79;81;78;54;28;11;67;Unique;Controlled Lengthy;8;3;6;5,67;20
237329;J. Willock;77;81;4;24;Newcastle United;Midfielder;CAM;186;71;Right;13-08-21;15000000;76000;71;70;76;72;61;69;9;71;Lean (185+);Controlled Lengthy;7;4;11;7,33;4
259583;D. Udogie;82;86;4;21;Tottenham Hotspur;Defender;LB;186;73;Left;17-08-22;41500000;82000;70;69;80;76;60;77;11;74;Normal (185+);Controlled;5;8;4;5,67;2
251421;B. Johnson;79;84;5;23;Tottenham Hotspur;Attacker;RM;186;73;Right;01-09-23;26500000;90000;72;65;81;68;49;48;10;66;Lean (185+);Controlled;5;8;4;5,67;2
236772;D. Szoboszlai;81;86;5;23;Liverpool;Midfielder;CAM;186;74;Right;02-07-23;39000000;89000;78;84;78;79;61;60;10;75;Normal (185+);Controlled Lengthy;3;5;2;3,33;19
272926;L. Bergvall;69;87;18;18;Tottenham Hotspur;Midfielder;CAM;186;74;Right;01-07-24;3500000;34000;58;69;72;61;51;54;10;63;Normal (185+);Controlled Lengthy;5;8;4;5,67;2
71498;L. Chiwome;56;79;23;18;Wolverhampton Wanderers;Attacker;ST;186;75;Right;20-03-24;450000;24000;48;41;70;60;34;12;10;46;Lean (185+);Controlled;14;13;10;12,33333333;3
199189;R. Barkley;78;78;0;30;Aston Villa;Midfielder;CM;186;76;Right;01-07-24;13500000;95000;71;76;62;77;59;64;10;70;Normal (185+);Controlled Lengthy;4;7;14;8,33;7
271235;O. Bevan;62;73;11;20;AFC Bournemouth;Defender;CB;186;77;Right;01-03-21;825000;23000;42;42;56;53;36;63;12;51;Normal (185+);Controlled Lengthy;12;15;22;16,33;0
276718;K. Rodney;58;70;12;19;Crystal Palace;Defender;CB;186;77;Right;11-08-22;450000;25000;48;52;58;53;42;59;8;54;Lean (185+);Controlled;10;11;12;11,00;0
219693;Diego Carlos;79;79;0;31;Aston Villa;Defender;CB;186;79;Right;01-07-22;12000000;100000;51;66;62;70;53;79;10;65;Stocky (185+);Controlled Lengthy;4;7;14;8,33;7
279497;T. Dibling;66;82;16;18;Southampton;Attacker;LM;186;79;Left;21-02-23;2200000;22000;56;62;73;63;47;33;14;58;Lean (185+);Controlled Lengthy;24;20;15;19,67;0
247394;D. Kulusevski;83;86;3;24;Tottenham Hotspur;Midfielder;CAM;186;80;Left;01-07-23;49500000;110000;75;80;75;81;60;60;9;73;Lean (185+);Controlled Lengthy;5;8;4;5,67;2
259031;L. Delap;74;83;9;21;Ipswich Town;Attacker;ST;186;80;Right;13-07-24;9500000;37000;67;62;71;76;49;24;10;60;Stocky (185+);Controlled Lengthy;22;51;42;38,33;1
202048;C. Coady;73;73;0;31;Leicester City;Midfielder;CDM;186;80;Right;01-07-23;2100000;39000;64;66;53;67;53;74;11;65;Normal (185+);Controlled Lengthy;21;18;8;15,67;1
223334;Joelinton;82;82;0;27;Newcastle United;Midfielder;CM;186;81;Right;23-07-19;32000000;125000;74;69;74;83;66;79;11;76;Stocky (185+);Controlled Lengthy;7;4;11;7,33;4
248695;W. Fofana;79;84;5;23;Chelsea;Defender;CB;186;84;Right;31-08-22;24000000;90000;53;61;71;62;51;81;11;65;Normal (185+);Controlled Lengthy;6;12;3;7,00;6
247172;J. Durán;77;84;7;20;Aston Villa;Attacker;ST;187;70;Left;23-01-23;21000000;72000;68;63;73;79;51;27;7;61;Normal (185+);Controlled Lengthy;4;7;14;8,33;7
270208;A. Gray;73;87;14;18;Tottenham Hotspur;Midfielder;CM;187;70;Right;02-07-24;6500000;38000;64;67;73;68;56;70;10;68;Lean (185+);Controlled;5;8;4;5,67;2
221479;D. Calvert-Lewin;76;77;1;27;Everton;Attacker;ST;187;71;Right;31-08-16;9000000;53000;72;63;71;75;56;31;10;63;Unique;Controlled Lengthy;15;17;16;16,00;9
258607;Toti;76;81;5;25;Wolverhampton Wanderers;Defender;CB;187;72;Left;04-09-20;10000000;51000;57;59;72;67;53;77;9;66;Normal (185+);Controlled Lengthy;14;13;10;12,33333333;3
227535;R. Bentancur;81;82;1;27;Tottenham Hotspur;Midfielder;CM;187;73;Right;31-01-22;29500000;110000;73;78;71;73;64;80;11;75;Lean (185+);Controlled Lengthy;5;8;4;5,67;2
235844;E. Álvarez;80;81;1;26;West Ham United;Defender;CB;187;73;Right;10-08-23;22000000;90000;69;61;67;74;60;80;8;70;Normal (185+);Controlled Lengthy;9;14;7;10,00;0
277795;Deivid Washington;69;82;13;19;Chelsea;Attacker;ST;187;73;Right;24-08-23;3300000;46000;61;58;74;69;46;27;11;58;Lean (185+);Controlled Lengthy;6;12;3;7,00;6
250830;I. Samuels;56;70;14;21;Brighton & Hove Albion;Defender;LB;187;73;Left;05-08-22;325000;28000;38;41;61;43;38;55;8;47;Lean (185+);Controlled;11;6;9;8,666666667;0
237161;S. Longstaff;76;77;1;26;Newcastle United;Midfielder;CM;187;74;Right;30-06-15;9000000;81000;63;72;62;72;59;72;11;68;Lean (185+);Controlled Lengthy;7;4;11;7,33;4
263376;A. Al Hamadi;66;73;7;22;Ipswich Town;Attacker;ST;187;76;Right;29-01-24;1800000;31000;55;51;71;69;44;13;8;52;Normal (185+);Controlled Lengthy;22;51;42;38,33;1
210697;C. Nørgaard;77;77;0;30;Brentford;Midfielder;CDM;187;77;Right;11-06-19;9000000;64000;64;69;62;70;58;74;12;68;Lean (185+);Controlled Lengthy;16;9;13;12,67;0
259356;C. Chukwuemeka;72;82;10;20;Chelsea;Midfielder;CAM;187;77;Right;02-08-22;5000000;52000;62;69;70;63;51;50;11;63;Lean (185+);Controlled Lengthy;6;12;3;7,00;6
259197;N. Jackson;81;85;4;23;Chelsea;Attacker;ST;187;78;Right;01-07-23;37500000;120000;75;69;82;80;54;35;9;67;Lean (185+);Controlled;6;12;3;7,00;6
223197;E. Ünal;77;78;1;27;AFC Bournemouth;Attacker;ST;187;78;Right;14-06-24;12500000;63000;73;73;69;80;55;37;11;67;Lean (185+);Controlled Lengthy;12;15;22;16,33;0
206115;I. Hayden;71;71;0;29;Newcastle United;Midfielder;CDM;187;79;Right;11-07-16;1600000;63000;53;58;57;72;54;71;10;63;Normal (185+);Controlled Lengthy;7;4;11;7,33;4
225539;D. Solanke;81;82;1;26;Tottenham Hotspur;Attacker;ST;187;80;Right;10-08-24;31000000;120000;76;65;73;83;58;32;11;66;Lean (185+);Controlled Lengthy;5;8;4;5,67;2
221660;V. Lindelöf;78;78;0;29;Manchester United;Midfielder;CDM;187;80;Right;01-07-17;12000000;87000;59;70;61;69;57;80;10;68;Lean (185+);Controlled Lengthy;8;3;6;5,67;20
272936;Luizão;68;77;9;22;West Ham United;Defender;CB;187;80;Left;01-01-23;2500000;39000;45;45;61;60;47;68;10;56;Normal (185+);Controlled Lengthy;9;14;7;10,00;0
253072;D. Núñez;82;85;3;25;Liverpool;Attacker;ST;187;81;Right;01-07-22;41000000;115000;76;72;80;87;62;44;12;72;Lean (185+);Controlled Lengthy;3;5;2;3,33;19
239818;Rúben Dias;88;88;0;27;Manchester City;Defender;CB;187;82;Right;29-09-20;84000000;230000;57;63;66;71;54;89;9;68;Normal (185+);Controlled Lengthy;1;1;1;1,00;10
235036;W. Faes;75;76;1;26;Leicester City;Defender;CB;187;82;Right;01-09-22;6000000;44000;49;54;55;65;47;75;9;59;Normal (185+);Controlled Lengthy;21;18;8;15,67;1
278813;Marc Guiu;69;84;15;18;Chelsea;Attacker;ST;187;82;Right;01-07-24;3300000;44000;59;53;68;73;48;26;9;56;Normal (185+);Controlled Lengthy;6;12;3;7,00;6
262859;L. Colwill;79;85;6;21;Chelsea;Defender;CB;187;83;Left;26-02-20;25500000;76000;58;63;69;65;53;80;12;67;Lean (185+);Controlled Lengthy;6;12;3;7,00;6
233866;O. Edouard;75;77;2;26;Leicester City;Attacker;ST;187;83;Right;31-08-21;7000000;69000;69;72;70;73;53;39;10;64;Lean (185+);Controlled Lengthy;21;18;8;15,67;1
229237;M. Akanji;84;85;1;28;Manchester City;Defender;CB;187;91;Right;01-09-22;40000000;170000;59;69;72;74;51;85;9;70;Unique;Controlled Lengthy;1;1;1;1,00;10
278017;O. Kellyman;62;80;18;18;Chelsea;Midfielder;CAM;188;69;Left;29-06-24;1000000;35000;57;59;65;60;46;41;11;57;Lean (185+);Controlled;6;12;3;7,00;6
252793;T. Harwood-Bellis;75;82;7;22;Southampton;Defender;CB;188;73;Right;01-07-24;10500000;40000;51;58;66;63;48;76;10;62;Normal (185+);Controlled Lengthy;24;20;15;19,67;0
198350;D. Bentley;72;72;0;30;Wolverhampton Wanderers;Goalkeeper;GK;188;73;Right;25-01-23;1600000;29000;19;19;51;45;22;18;71;41;Normal (185+);Controlled Lengthy;14;13;10;12,33333333;3
235405;D. O'Shea;74;77;3;25;Ipswich Town;Defender;CB;188;74;Right;25-08-24;5000000;41000;53;47;65;61;45;74;9;59;Normal (185+);Controlled Lengthy;22;51;42;38,33;1
261647;A. Omobamidele;71;78;7;22;Nottingham Forest;Defender;CB;188;74;Right;01-09-23;3500000;35000;42;45;63;56;44;71;8;55;Normal (185+);Controlled Lengthy;17;16;24;19,00;1
199641;M. Sels;78;78;0;32;Nottingham Forest;Goalkeeper;GK;188;75;Right;01-02-24;7000000;41000;23;28;44;47;23;14;78;43;Normal (185+);Controlled;17;16;24;19,00;1
233795;B. Brereton Díaz;73;76;3;25;Southampton;Attacker;ST;188;75;Right;30-07-24;4000000;40000;70;67;73;77;53;38;11;65;Normal (185+);Controlled Lengthy;24;20;15;19,67;0
245153;N. Wood;69;78;9;22;Southampton;Defender;CB;188;75;Right;05-07-24;2900000;29000;41;43;64;54;37;69;12;54;Normal (185+);Controlled Lengthy;24;20;15;19,67;0
203574;J. Stones;85;85;0;30;Manchester City;Defender;CB;188;76;Right;09-08-16;44000000;185000;66;68;72;73;59;85;10;72;Normal (185+);Controlled Lengthy;1;1;1;1,00;10
270617;A. Murphy;64;81;17;20;Newcastle United;Defender;CB;188;76;Left;09-07-22;1400000;35000;48;50;61;55;43;63;10;55;Normal (185+);Controlled Lengthy;7;4;11;7,33;4
240734;M. O'Riley;79;86;7;23;Brighton & Hove Albion;Midfielder;CM;188;77;Left;26-08-24;35000000;77000;75;77;74;78;62;67;10;74;Lean (185+);Controlled;11;6;9;8,666666667;0
225100;J. Gomez;80;81;1;27;Liverpool;Defender;CB;188;77;Right;20-06-15;21000000;90000;54;61;73;62;51;80;10;65;Unique;Controlled Lengthy;3;5;2;3,33;19
244472;J. Cajuste;74;78;4;24;Ipswich Town;Midfielder;CM;188;77;Right;10-08-23;5500000;58000;62;66;70;73;55;69;9;67;Lean (185+);Controlled;22;51;42;38,33;1
169588;J. Evans;74;74;0;36;Manchester United;Defender;CB;188;77;Right;01-09-23;750000;50000;55;53;45;53;48;74;13;57;Lean (185+);Controlled;8;3;6;5,67;20
236568;B. Austin;64;68;4;25;Tottenham Hotspur;Goalkeeper;GK;188;77;Right;21-09-16;650000;27000;12;14;43;35;13;15;63;33;Lean (185+);Controlled;5;8;4;5,67;2
248793;M. Wieffer;80;85;5;24;Brighton & Hove Albion;Midfielder;CDM;188;78;Right;05-07-24;29000000;78000;71;71;70;79;60;74;10;72;Lean (185+);Controlled Lengthy;11;6;9;8,666666667;0
259608;E. Ferguson;73;85;12;19;Brighton & Hove Albion;Attacker;ST;188;78;Right;09-01-21;7500000;45000;67;63;69;75;47;15;11;58;Normal (185+);Controlled Lengthy;11;6;9;8,666666667;0
239778;J. Moder;72;74;2;25;Brighton & Hove Albion;Midfielder;CM;188;78;Right;04-10-20;2900000;53000;64;72;62;71;57;68;12;68;Lean (185+);Controlled Lengthy;11;6;9;8,666666667;0
188836;J. Steele;74;74;0;33;Brighton & Hove Albion;Goalkeeper;GK;188;79;Right;21-06-18;1400000;41000;25;29;44;44;21;14;75;42;Normal (185+);Controlled;11;6;9;8,666666667;0
243048;W. Dennis;67;72;5;23;AFC Bournemouth;Goalkeeper;GK;188;79;Right;19-01-18;1200000;17000;11;14;40;40;15;11;67;33;Stocky (185+);Controlled;12;15;22;16,33;0
260247;M. Rogers;78;83;5;21;Aston Villa;Midfielder;CAM;188;80;Right;01-02-24;21500000;70000;70;72;77;75;57;59;11;70;Normal (185+);Controlled Lengthy;4;7;14;8,33;7
271977;H. Davies;61;73;12;20;Liverpool;Goalkeeper;GK;188;80;Left;31-07-21;700000;15000;11;16;34;38;13;9;60;30;Normal (185+);Controlled;3;5;2;3,33;19
74451;A. Borto;54;65;11;20;Fulham;Goalkeeper;GK;188;80;Right;01-04-21;200000;13000;15;16;34;34;16;11;54;30;Lean (185+);Controlled;13;10;21;14,67;0
240913;C. Kelleher;79;82;3;25;Liverpool;Goalkeeper;GK;188;81;Right;01-07-17;18000000;50000;18;27;51;45;21;14;78;42;Lean (185+);Controlled Lengthy;3;5;2;3,33;19
202695;J. Tarkowski;80;80;0;31;Everton;Defender;CB;188;81;Right;02-07-22;14500000;65000;57;60;55;67;54;82;10;64;Stocky (185+);Controlled Lengthy;15;17;16;16,00;9
244319;R. Stewart;71;71;0;27;Southampton;Attacker;ST;188;81;Right;01-09-23;2000000;43000;64;60;63;77;49;26;11;58;Lean (185+);Controlled Lengthy;24;20;15;19,67;0
71973;E. Wheatley;64;83;19;18;Manchester United;Attacker;ST;188;81;Right;22-01-24;1500000;35000;55;53;66;65;42;27;10;53;Normal (185+);Controlled;8;3;6;5,67;20
239817;B. Soumaré;75;78;3;25;Leicester City;Midfielder;CM;188;82;Right;02-07-21;6500000;42000;62;70;66;70;56;71;9;67;Lean (185+);Controlled Lengthy;21;18;8;15,67;1
205431;N. Füllkrug;82;82;0;31;West Ham United;Attacker;ST;188;83;Right;05-08-24;25500000;125000;79;70;68;82;59;39;11;68;Stocky (185+);Controlled Lengthy;9;14;7;10,00;0
203487;J. Lascelles;75;75;0;30;Newcastle United;Defender;CB;188;83;Right;09-08-14;4600000;78000;51;43;50;61;40;76;11;55;Stocky (185+);Controlled;7;4;11;7,33;4
186392;J. Ward;73;73;0;34;Crystal Palace;Defender;CB;188;83;Right;28-05-12;1100000;54000;60;57;58;65;54;77;9;63;Lean (185+);Controlled Lengthy;10;11;12;11,00;0
210047;F. Schär;82;82;0;32;Newcastle United;Defender;CB;188;84;Right;26-07-18;20000000;125000;71;75;60;78;63;83;11;73;Normal (185+);Controlled Lengthy;7;4;11;7,33;4
232938;T. Tomiyasu;78;81;3;25;Arsenal;Defender;CB;188;84;Right;31-08-21;17000000;90000;55;60;71;63;52;81;9;65;Lean (185+);Controlled Lengthy;2;2;5;3,00;13
256666;Y. Mosquera;72;79;7;23;Wolverhampton Wanderers;Defender;CB;188;84;Right;17-06-21;4400000;36000;44;45;70;62;44;71;8;57;Normal (185+);Controlled Lengthy;14;13;10;12,33333333;3
233306;D. Henderson;79;80;1;27;Crystal Palace;Goalkeeper;GK;188;85;Right;31-08-23;15000000;51000;17;24;61;46;21;14;78;43;Normal (185+);Controlled;10;11;12;11,00;0
194806;C. Dawson;76;76;0;34;Wolverhampton Wanderers;Defender;CB;188;85;Right;22-01-23;2400000;56000;59;50;46;61;55;78;7;59;Normal (185+);Controlled;14;13;10;12,33333333;3
163264;T. Heaton;70;70;0;38;Manchester United;Goalkeeper;GK;188;85;Right;02-07-21;180000;22000;19;26;49;42;23;15;70;41;Normal (185+);Controlled;8;3;6;5,67;20
210257;Ederson;87;87;0;30;Manchester City;Goalkeeper;GK;188;86;Left;01-07-17;53000000;145000;26;40;64;57;37;17;86;55;Unique;Controlled Lengthy;1;1;1;1,00;10
257711;R. Calafiori;78;84;6;22;Arsenal;Defender;CB;188;86;Left;29-07-24;21000000;82000;68;70;71;76;56;78;8;71;Normal (185+);Controlled Lengthy;2;2;5;3,00;13
157804;S. Carson;63;63;0;38;Manchester City;Goalkeeper;GK;188;86;Right;20-07-21;50000;22000;18;18;42;43;20;15;62;36;Stocky (185+);Controlled;1;1;1;1,00;10
250954;C. Richards;76;80;4;24;Crystal Palace;Defender;CB;188;87;Right;27-07-22;9500000;55000;49;51;67;57;46;77;9;59;Lean (185+);Controlled Lengthy;10;11;12;11,00;0
274246;L. Miley;72;86;14;18;Newcastle United;Midfielder;CM;189;68;Right;11-02-23;5500000;42000;63;68;67;68;51;63;9;65;Lean (185+);Controlled;7;4;11;7,33;4
265693;J. Kiwior;76;82;6;24;Arsenal;Defender;CB;189;75;Left;23-01-23;11000000;72000;54;57;65;65;52;77;9;63;Lean (185+);Controlled Lengthy;2;2;5;3,00;13
228295;R. Holding;73;73;0;28;Crystal Palace;Defender;CB;189;75;Right;01-09-23;2600000;54000;50;51;54;56;47;75;12;58;Lean (185+);Controlled Lengthy;10;11;12;11,00;0
242516;C. Gakpo;83;86;3;25;Liverpool;Attacker;ST;189;76;Right;03-01-23;48000000;115000;81;79;78;83;56;42;9;71;Lean (185+);Controlled;3;5;2;3,33;19
220570;J. Bednarek;74;74;0;28;Southampton;Defender;CB;189;77;Right;01-07-17;3600000;45000;46;43;54;55;44;73;11;55;Normal (185+);Controlled Lengthy;24;20;15;19,67;0
243585;G. Bazunu;73;82;9;22;Southampton;Goalkeeper;GK;189;78;Right;17-06-22;6000000;20000;16;22;51;37;18;13;73;38;Lean (185+);Controlled;24;20;15;19,67;0
258908;J. van Hecke;76;82;6;24;Brighton & Hove Albion;Defender;CB;189;79;Right;10-09-20;11000000;58000;50;67;58;69;51;78;8;63;Lean (185+);Controlled Lengthy;11;6;9;8,666666667;0
258781;I. Zabarnyi;77;83;6;21;AFC Bournemouth;Defender;CB;189;80;Right;31-01-23;15500000;41000;54;53;64;62;46;78;12;62;Normal (185+);Controlled Lengthy;12;15;22;16,33;0
225193;Mikel Merino;85;85;0;28;Arsenal;Midfielder;CM;189;83;Left;27-08-24;54000000;185000;77;80;75;83;67;80;11;79;Normal (185+);Controlled Lengthy;2;2;5;3,00;13
192563;B. Leno;82;82;0;32;Fulham;Goalkeeper;GK;189;83;Right;02-08-22;15000000;67000;18;23;55;51;23;20;81;45;Normal (185+);Controlled Lengthy;13;10;21;14,67;0
236239;A. Whiteman;63;68;5;25;Tottenham Hotspur;Goalkeeper;GK;189;84;Right;21-09-16;550000;26000;14;16;37;35;14;16;63;32;Normal (185+);Controlled;5;8;4;5,67;2
206585;Kepa;78;78;0;29;AFC Bournemouth;Goalkeeper;GK;189;85;Right;08-08-18;9500000;65000;22;30;48;44;22;18;78;44;Lean (185+);Controlled;12;15;22;16,33;0
75577;J. Simpson-Pusey;66;78;12;18;Manchester City;Defender;CB;189;85;Right;01-07-23;1900000;36000;40;46;62;54;40;67;9;53;Normal (185+);Controlled Lengthy;1;1;1;1,00;10
75272;W. Lankshear;59;79;20;19;Tottenham Hotspur;Attacker;ST;189;85;Right;01-07-23;625000;34000;54;51;64;62;39;21;12;51;Lean (185+);Controlled;5;8;4;5,67;2
235243;M. de Ligt;84;87;3;24;Manchester United;Defender;CB;189;89;Right;13-08-24;51500000;115000;62;63;64;80;49;85;11;69;Unique;Controlled Lengthy;8;3;6;5,67;20
269087;L. Yoro;78;86;8;18;Manchester United;Defender;CB;190;75;Right;18-07-24;27500000;53000;54;50;68;63;49;80;11;62;Lean (185+);Controlled Lengthy;8;3;6;5,67;20
237522;Jorge Cuenca;74;80;6;24;Fulham;Defender;CB;190;75;Left;03-08-24;6000000;48000;51;45;65;61;48;75;11;59;Lean (185+);Controlled;13;10;21;14,67;0
237658;S. Bueno;77;82;5;25;Wolverhampton Wanderers;Defender;CB;190;76;Right;31-08-23;14000000;55000;44;51;54;64;47;77;9;58;Lean (185+);Controlled Lengthy;14;13;10;12,33333333;3
246104;R. Gravenberch;81;86;5;22;Liverpool;Midfielder;CAM;190;77;Right;01-09-23;36500000;83000;73;79;77;78;62;77;10;76;Lean (185+);Controlled Lengthy;3;5;2;3,33;19
258490;C. Riad;72;81;9;21;Crystal Palace;Defender;CB;190;78;Left;14-06-24;4900000;36000;49;46;65;59;43;72;10;57;Normal (185+);Controlled Lengthy;10;11;12;11,00;0
242271;A. Irving;71;76;5;24;West Ham United;Midfielder;CM;190;78;Left;04-09-23;2800000;48000;68;70;63;75;58;62;12;68;Lean (185+);Controlled Lengthy;9;14;7;10,00;0
273651;J. Quansah;75;83;8;21;Liverpool;Defender;CB;190;80;Right;28-01-21;12000000;47000;50;60;65;63;47;75;9;62;Lean (185+);Controlled Lengthy;3;5;2;3,33;19
220407;M. Dúbravka;76;76;0;35;Newcastle United;Goalkeeper;GK;190;80;Right;01-07-18;825000;32000;19;28;51;47;24;16;76;43;Normal (185+);Controlled;7;4;11;7,33;4
204838;R. Jiménez;75;75;0;33;Fulham;Attacker;ST;190;81;Right;25-07-23;3600000;71000;75;70;63;78;62;37;11;66;Normal (185+);Controlled Lengthy;13;10;21;14,67;0
211990;O. Vlachodimos;74;74;0;30;Newcastle United;Goalkeeper;GK;190;81;Right;01-07-24;2800000;47000;16;18;52;49;22;14;72;41;Normal (185+);Controlled Lengthy;7;4;11;7,33;4
194404;Neto;78;78;0;34;Arsenal;Goalkeeper;GK;190;83;Right;07-08-22;2400000;41000;18;22;58;49;22;15;77;43;Lean (185+);Controlled;2;2;5;3,00;13
164835;Ł. Fabiański;77;77;0;39;West Ham United;Goalkeeper;GK;190;83;Right;20-06-18;1200000;23000;17;23;53;45;26;13;75;42;Normal (185+);Controlled Lengthy;9;14;7;10,00;0
244621;Vinícius;73;73;0;29;Fulham;Attacker;ST;190;85;Left;01-09-22;3000000;61000;67;60;64;76;56;34;11;61;Normal (185+);Controlled Lengthy;13;10;21;14,67;0
253428;V. Jaroš;68;77;9;22;Liverpool;Goalkeeper;GK;190;85;Right;01-07-17;2300000;23000;19;26;46;44;21;14;68;40;Normal (185+);Controlled;3;5;2;3,33;19
229942;A. Disasi;78;81;3;26;Chelsea;Defender;CB;190;86;Right;04-08-23;16500000;95000;58;53;55;70;50;78;9;62;Normal (185+);Controlled Lengthy;6;12;3;7,00;6
231512;L. Kelly;75;78;3;25;Newcastle United;Defender;CB;190;86;Left;01-07-24;6500000;71000;56;60;61;65;52;75;9;63;Lean (185+);Controlled Lengthy;7;4;11;7,33;4
232580;Gabriel;86;87;1;26;Arsenal;Defender;CB;190;87;Left;01-09-20;70000000;180000;54;55;62;67;53;86;10;65;Lean (185+);Controlled Lengthy;2;2;5;3,00;13
235642;R. Yates;76;77;1;26;Nottingham Forest;Defender;CB;190;87;Right;01-07-16;8000000;52000;64;65;59;75;58;75;8;67;Normal (185+);Controlled Lengthy;17;16;24;19,00;1
247497;A. Bella-Kotchap;73;79;6;22;Southampton;Defender;CB;190;87;Right;01-07-22;4400000;34000;43;41;66;58;41;72;10;55;Stocky (185+);Controlled Lengthy;24;20;15;19,67;0
245388;J. Todibo;79;83;4;24;West Ham United;Defender;CB;190;88;Right;27-06-21;22500000;32000;57;61;69;70;51;79;10;66;Normal (185+);Controlled Lengthy;9;14;7;10,00;0
244067;M. Lacroix;77;84;7;24;Crystal Palace;Defender;CB;190;88;Right;30-08-24;19500000;59000;47;53;74;71;45;77;11;63;Normal (185+);Controlled Lengthy;10;11;12;11,00;0
273906;Renato Veiga;74;83;9;20;Chelsea;Midfielder;CDM;190;88;Left;12-07-24;9000000;53000;66;72;71;76;58;72;11;71;Normal (185+);Controlled Lengthy;6;12;3;7,00;6
226753;A. Onana;84;85;1;28;Manchester United;Goalkeeper;GK;190;93;Right;20-07-23;33500000;90000;23;34;65;56;27;15;82;50;Stocky (185+);Controlled Lengthy;8;3;6;5,67;20
217096;J. Lumley;70;70;0;29;Southampton;Goalkeeper;GK;191;73;Right;07-08-23;1100000;24000;18;19;47;48;25;20;70;41;Lean (185+);Controlled Lengthy;24;20;15;19,67;0
207616;A. Webster;76;76;0;29;Brighton & Hove Albion;Defender;CB;191;75;Right;03-08-19;6500000;71000;52;53;58;59;43;77;10;59;Normal (185+);Controlled Lengthy;11;6;9;8,666666667;0
233934;A. Ramsdale;81;83;2;26;Southampton;Goalkeeper;GK;191;77;Right;30-08-24;24000000;44000;23;27;55;47;28;17;81;46;Lean (185+);Controlled;24;20;15;19,67;0
235173;I. Sangaré;77;79;2;26;Nottingham Forest;Defender;CB;191;77;Right;01-09-23;11500000;56000;67;70;64;77;60;77;9;70;Lean (185+);Controlled Lengthy;17;16;24;19,00;1
210635;K. Hause;72;72;0;28;Aston Villa;Defender;CB;191;77;Left;17-06-19;2000000;64000;52;48;54;62;46;71;14;58;Stocky (185+);Controlled Lengthy;4;7;14;8,33;7
259399;R. Højlund;78;85;7;21;Manchester United;Attacker;ST;191;79;Left;05-08-23;29000000;72000;66;62;75;82;55;26;10;63;Normal (185+);Controlled Lengthy;8;3;6;5,67;20
233267;M. Turner;74;74;0;30;Crystal Palace;Goalkeeper;GK;191;79;Right;09-08-23;2800000;31000;16;19;48;46;23;11;72;39;Lean (185+);Controlled;10;11;12;11,00;0
241464;Pau Torres;82;83;1;27;Aston Villa;Midfielder;CDM;191;80;Left;12-07-23;30500000;120000;61;72;67;68;57;83;12;70;Lean (185+);Controlled Lengthy;4;7;14;8,33;7
260105;R. Drăgușin;75;82;7;22;Tottenham Hotspur;Defender;CB;191;80;Right;12-01-24;10500000;60000;49;52;68;65;44;76;11;61;Normal (185+);Controlled Lengthy;5;8;4;5,67;2
278057;B. Meupiyou;61;81;20;18;Wolverhampton Wanderers;Defender;CB;191;80;Left;29-08-24;850000;20000;41;40;50;53;40;64;8;50;Lean (185+);Controlled Lengthy;14;13;10;12,33333333;3
233602;G. Hirst;71;76;5;25;Ipswich Town;Attacker;ST;191;81;Right;13-07-23;2800000;41000;64;56;71;76;51;35;12;61;Normal (185+);Controlled Lengthy;22;51;42;38,33;1
231866;Rodri;91;91;0;28;Manchester City;Midfielder;CDM;191;82;Right;04-07-19;115500000;440000;79;83;71;88;65;87;10;80;Normal (185+);Controlled Lengthy;1;1;1;1,00;10
207599;M. Keane;75;75;0;31;Everton;Defender;CB;191;82;Right;03-07-17;3800000;46000;59;55;51;63;48;75;11;60;Normal (185+);Controlled Lengthy;15;17;16;16,00;9
232284;M. Travers;73;77;4;25;AFC Bournemouth;Goalkeeper;GK;191;82;Right;07-07-16;3300000;25000;22;21;47;43;19;14;72;40;Normal (185+);Controlled;12;15;22;16,33;0
264645;C. Slicker;59;69;10;21;Ipswich Town;Goalkeeper;GK;191;82;Right;08-07-23;450000;10000;16;23;30;35;22;19;59;34;Normal (185+);Controlled;22;51;42;38,33;1
256268;A. Broja;73;80;7;22;Everton;Attacker;ST;191;83;Right;25-02-20;6000000;67000;63;57;68;74;48;25;10;58;Normal (185+);Controlled Lengthy;15;17;16;16,00;9
264622;A. Pond;57;73;16;20;Wolverhampton Wanderers;Defender;CB;191;84;Right;01-09-22;400000;22000;32;33;56;48;35;57;9;45;Lean (185+);Controlled Lengthy;14;13;10;12,33333333;3
275771;Igor Thiago;76;82;6;23;Brentford;Attacker;ST;191;88;Right;01-07-24;12000000;57000;65;56;66;81;53;32;12;61;Stocky (185+);Controlled Lengthy;16;9;13;12,67;0
257084;L. Ugochukwu;73;83;10;20;Southampton;Midfielder;CDM;191;88;Right;01-08-23;6500000;49000;61;63;62;70;53;72;11;65;Normal (185+);Controlled Lengthy;24;20;15;19,67;0
207998;D. Ward;72;72;0;31;Leicester City;Goalkeeper;GK;191;88;Right;21-07-18;1200000;25000;16;23;51;42;20;15;71;40;Lean (185+);Controlled;21;18;8;15,67;1
261281;C. Okoli;73;82;9;22;Leicester City;Defender;CB;191;91;Right;09-07-24;6500000;33000;45;49;58;63;41;73;10;56;Normal (185+);Controlled Lengthy;21;18;8;15,67;1
192123;C. Wood;78;78;0;32;Nottingham Forest;Attacker;ST;191;92;Right;14-06-23;11500000;70000;74;67;52;80;58;32;14;63;Normal (185+);Controlled Lengthy;17;16;24;19,00;1
267844;Kim Ji Soo;62;76;14;19;Brentford;Defender;CB;192;73;Right;01-07-23;875000;23000;37;34;46;52;36;61;9;46;Lean (185+);Controlled Lengthy;16;9;13;12,67;0
230918;T. Chalobah;78;82;4;24;Crystal Palace;Defender;CB;192;75;Right;29-06-16;18000000;82000;59;62;64;71;52;79;7;66;Lean (185+);Controlled Lengthy;10;11;12;11,00;0
257057;A. Onana;79;84;5;22;Aston Villa;Defender;CB;192;76;Right;22-07-24;24500000;85000;65;69;64;77;57;79;10;70;Lean (185+);Controlled Lengthy;4;7;14;8,33;7
233731;A. Isak;85;87;2;24;Newcastle United;Attacker;ST;192;77;Right;26-08-22;71000000;155000;78;75;81;81;57;33;8;69;Lean (185+);Controlled;7;4;11;7,33;4
273883;C. Casadei;72;82;10;21;Chelsea;Midfielder;CAM;192;77;Right;19-08-22;5000000;51000;69;70;69;73;58;66;10;69;Normal (185+);Controlled;6;12;3;7,00;6
279117;A. Dorrington;59;79;20;19;Tottenham Hotspur;Defender;CB;192;78;Right;13-06-23;600000;29000;41;45;55;51;42;58;10;50;Lean (185+);Controlled Lengthy;5;8;4;5,67;2
203824;R. Matthews;63;63;0;30;Crystal Palace;Goalkeeper;GK;192;78;Right;13-07-21;325000;26000;18;24;47;45;18;15;63;38;Normal (185+);Controlled Lengthy;10;11;12;11,00;0
270866;Y. Chermiti;71;82;11;20;Everton;Attacker;ST;192;81;Right;11-08-23;4100000;31000;64;59;65;68;47;26;9;56;Lean (185+);Controlled Lengthy;15;17;16;16,00;9
270519;W. Osula;67;78;11;20;Newcastle United;Attacker;ST;192;81;Right;08-08-24;2300000;44000;57;52;63;66;43;19;9;51;Lean (185+);Controlled Lengthy;7;4;11;7,33;4
75106;K. Cahill;57;71;14;20;Brighton & Hove Albion;Goalkeeper;GK;192;82;Right;01-07-24;350000;14000;14;16;33;34;14;10;57;30;Normal (185+);Controlled;11;6;9;8,666666667;0
198039;M. Gillespie;65;65;0;32;Newcastle United;Goalkeeper;GK;192;83;Right;27-07-20;350000;34000;17;22;39;40;20;14;64;36;Normal (185+);Controlled;7;4;11;7,33;4
212442;José Sá;78;78;0;31;Wolverhampton Wanderers;Goalkeeper;GK;192;84;Right;15-07-21;7500000;42000;22;22;57;50;22;16;76;44;Normal (185+);Controlled Lengthy;14;13;10;12,33333333;3
237704;João Virgínia;71;76;5;24;Everton;Goalkeeper;GK;192;84;Left;03-08-18;2300000;18000;15;15;45;39;17;11;70;35;Normal (185+);Controlled;15;17;16;16,00;9
258485;F. Jörgensen;77;84;7;22;Chelsea;Goalkeeper;GK;192;85;Right;30-07-24;18500000;45000;18;26;52;46;18;14;77;42;Lean (185+);Controlled;6;12;3;7,00;6
236792;T. Souček;79;79;0;29;West Ham United;Midfielder;CDM;192;86;Right;27-07-20;15000000;89000;75;67;52;79;63;79;9;71;Lean (185+);Controlled Lengthy;9;14;7;10,00;0
242453;S. van den Berg;77;83;6;22;Brentford;Defender;CB;192;87;Right;22-08-24;15500000;53000;55;53;69;64;51;77;11;63;Normal (185+);Controlled Lengthy;16;9;13;12,67;0
236461;J. Mateta;79;80;1;27;Crystal Palace;Attacker;ST;192;88;Right;31-01-22;20500000;90000;72;62;66;78;57;32;9;63;Stocky (185+);Controlled Lengthy;10;11;12;11,00;0
199915;L. Dunk;79;79;0;32;Brighton & Hove Albion;Defender;CB;192;88;Right;30-04-10;11500000;89000;57;70;46;74;50;79;12;65;Normal (185+);Controlled;11;6;9;8,666666667;0
256008;Morato;76;82;6;23;Nottingham Forest;Defender;CB;192;88;Left;30-08-24;11000000;45000;54;53;58;64;46;76;10;60;Normal (185+);Controlled Lengthy;17;16;24;19,00;1
224221;J. Andersen;80;80;0;28;Fulham;Defender;CB;192;90;Right;23-08-24;18000000;88000;64;69;56;75;54;79;12;68;Normal (185+);Controlled Lengthy;13;10;21;14,67;0
241076;S. Benda;67;70;3;25;Fulham;Goalkeeper;GK;192;90;Right;30-08-23;1000000;25000;12;14;39;39;12;9;66;32;Normal (185+);Controlled;13;10;21;14,67;0
203263;H. Maguire;80;80;0;31;Manchester United;Defender;CB;193;100;Right;05-08-19;14500000;100000;62;67;44;74;61;77;12;66;Stocky (185+);Controlled;8;3;6;5,67;20
189324;A. McCarthy;71;71;0;34;Southampton;Goalkeeper;GK;193;79;Right;01-08-16;325000;26000;18;20;49;44;27;13;69;40;Lean (185+);Controlled;24;20;15;19,67;0
240500;L. Woolfenden;73;77;4;25;Ipswich Town;Defender;CB;193;80;Right;01-07-17;3800000;38000;50;53;64;64;52;73;8;61;Normal (185+);Controlled Lengthy;22;51;42;38,33;1
228410;D. Iversen;71;73;2;26;Leicester City;Goalkeeper;GK;193;80;Right;30-01-16;1800000;23000;22;20;51;50;22;15;70;42;Normal (185+);Controlled Lengthy;21;18;8;15,67;1
251809;S. Botman;82;85;3;24;Newcastle United;Defender;CB;193;81;Left;01-07-22;37000000;105000;51;58;57;69;51;83;10;63;Normal (185+);Controlled Lengthy;7;4;11;7,33;4
248484;N. Collins;75;80;5;23;Brentford;Defender;CB;193;81;Right;04-07-23;7500000;47000;49;52;58;58;42;76;9;57;Normal (185+);Controlled Lengthy;16;9;13;12,67;0
235790;K. Havertz;83;85;2;25;Arsenal;Midfielder;CAM;193;82;Left;28-06-23;46000000;155000;81;77;73;81;58;44;9;71;Unique;Controlled;2;2;5;3,00;13
277427;N. O'Reilly;61;80;19;19;Manchester City;Midfielder;CAM;193;82;Left;01-07-21;850000;39000;54;61;61;58;44;44;9;55;Normal (185+);Controlled;1;1;1;1,00;10
204246;M. Bettinelli;70;70;0;32;Chelsea;Goalkeeper;GK;193;82;Right;28-07-21;800000;41000;17;24;37;41;19;18;70;38;Normal (185+);Controlled;6;12;3;7,00;6
243715;W. Saliba;87;89;2;23;Arsenal;Defender;CB;193;85;Right;25-07-19;92000000;170000;58;65;70;66;54;88;8;68;Normal (185+);Controlled Lengthy;2;2;5;3,00;13
206075;S. Johnstone;78;78;0;31;Wolverhampton Wanderers;Goalkeeper;GK;193;85;Right;30-08-24;7500000;42000;17;20;48;48;24;20;77;42;Normal (185+);Controlled;14;13;10;12,33333333;3
264453;M. van de Ven;83;87;4;23;Tottenham Hotspur;Defender;CB;193;86;Left;08-08-23;47000000;105000;60;59;74;72;51;84;10;68;Normal (185+);Controlled Lengthy;5;8;4;5,67;2
250961;J. Zirkzee;78;85;7;23;Manchester United;Midfielder;CAM;193;89;Right;14-07-24;28500000;83000;73;74;74;78;53;33;10;66;Stocky (185+);Controlled;8;3;6;5,67;20
258498;B. Verbruggen;77;84;7;21;Brighton & Hove Albion;Goalkeeper;GK;193;89;Right;03-07-23;18500000;26000;16;20;57;48;17;14;76;41;Lean (185+);Controlled Lengthy;11;6;9;8,666666667;0
212831;Alisson;89;89;0;31;Liverpool;Goalkeeper;GK;193;91;Right;19-07-18;54500000;130000;28;33;55;54;23;17;87;49;Unique;Controlled Lengthy;3;5;2;3,33;19
203376;V. van Dijk;89;89;0;32;Liverpool;Defender;CB;193;92;Right;01-01-18;67000000;200000;63;73;69;80;59;89;12;74;Unique;Controlled Lengthy;3;5;2;3,33;19
163600;J. Ruddy;71;71;0;37;Newcastle United;Goalkeeper;GK;193;97;Right;01-07-24;210000;25000;14;17;38;47;20;11;69;36;Stocky (185+);Controlled;7;4;11;7,33;4
242578;B. Badiashile;77;82;5;23;Chelsea;Defender;CB;194;75;Left;05-01-23;14500000;77000;56;59;58;67;51;77;9;63;Normal (185+);Controlled Lengthy;6;12;3;7,00;6
240091;G. Vicario;84;87;3;27;Tottenham Hotspur;Goalkeeper;GK;194;76;Right;01-07-23;41500000;86000;19;29;56;46;24;16;83;45;Lean (185+);Controlled;5;8;4;5,67;2
238756;J. Larsen;76;82;6;24;Wolverhampton Wanderers;Attacker;ST;194;79;Right;01-09-22;12000000;25000;68;60;71;79;51;26;10;61;Lean (185+);Controlled Lengthy;14;13;10;12,33333333;3
238717;E. Pinnock;78;78;0;31;Brentford;Defender;CB;194;79;Left;02-07-19;9500000;68000;50;53;62;66;50;79;8;61;Lean (185+);Controlled Lengthy;16;9;13;12,67;0
239772;J. Stolarczyk;66;71;5;23;Leicester City;Goalkeeper;GK;194;79;Right;07-02-17;1000000;15000;13;15;39;46;13;13;67;34;Lean (185+);Controlled;21;18;8;15,67;1
225650;T. King;64;64;0;29;Wolverhampton Wanderers;Goalkeeper;GK;194;80;Right;03-07-23;400000;23000;17;19;47;47;20;17;63;38;Normal (185+);Controlled Lengthy;14;13;10;12,33333333;3
216744;C. Burgess;73;73;0;28;Ipswich Town;Defender;CB;194;81;Left;15-08-21;2600000;41000;49;49;54;62;49;73;12;58;Normal (185+);Controlled Lengthy;22;51;42;38,33;1
248602;J. Greaves;75;81;6;23;Ipswich Town;Defender;CB;194;87;Left;12-07-24;8000000;40000;55;58;65;66;50;75;10;63;Normal (185+);Controlled Lengthy;22;51;42;38,33;1
243917;J. Gauci;68;75;7;23;Aston Villa;Goalkeeper;GK;194;87;Right;01-02-24;2100000;26000;10;14;39;40;16;13;66;33;Normal (185+);Controlled;4;7;14;8,33;7
251892;Beto;76;76;0;26;Everton;Attacker;ST;194;88;Right;29-08-23;8500000;53000;67;63;66;83;50;19;11;60;Lean (185+);Controlled Lengthy;15;17;16;16,00;9
242000;K. Mavropanos;78;80;2;26;West Ham United;Defender;CB;194;89;Right;22-08-23;15500000;77000;54;53;62;76;48;77;10;63;Normal (185+);Controlled Lengthy;9;14;7;10,00;0
245336;M. Kilman;77;80;3;27;West Ham United;Defender;CB;194;89;Left;06-07-24;12000000;72000;54;59;56;64;52;78;10;62;Normal (185+);Controlled Lengthy;9;14;7;10,00;0
231633;I. Diop;76;77;1;27;Fulham;Defender;CB;194;92;Right;10-08-22;7500000;63000;52;48;54;64;47;76;9;58;Lean (185+);Controlled Lengthy;13;10;21;14,67;0
237678;I. Konaté;84;86;2;25;Liverpool;Defender;CB;194;95;Right;01-07-21;47000000;120000;51;54;67;65;50;84;10;63;Normal (185+);Controlled Lengthy;3;5;2;3,33;19
206561;C. Walton;68;70;2;28;Ipswich Town;Goalkeeper;GK;195;72;Left;19-01-22;1000000;22000;22;22;42;41;20;13;67;38;Lean (185+);Controlled;22;51;42;38,33;1
247649;J. Branthwaite;79;86;7;22;Everton;Defender;CB;195;74;Left;13-01-20;33000000;51000;52;49;59;63;43;80;10;59;Normal (185+);Controlled Lengthy;15;17;16;16,00;9
278349;D. Huijsen;68;83;15;19;AFC Bournemouth;Defender;CB;195;84;Right;30-07-24;2700000;24000;54;60;56;63;45;71;11;60;Lean (185+);Controlled Lengthy;12;15;22;16,33;0
211738;M. Flekken;78;78;0;31;Brentford;Goalkeeper;GK;195;87;Right;01-07-23;7500000;45000;19;24;43;47;21;16;78;41;Normal (185+);Controlled;16;9;13;12,67;0
202811;E. Martínez;87;87;0;31;Aston Villa;Goalkeeper;GK;195;88;Right;16-09-20;42000000;125000;28;33;60;55;30;22;85;52;Stocky (185+);Controlled Lengthy;4;7;14;8,33;7
264133;H. Valdimarsson;68;78;10;22;Brentford;Goalkeeper;GK;195;89;Right;26-01-24;2300000;19000;19;23;36;39;20;11;67;36;Lean (185+);Controlled;16;9;13;12,67;0
238095;N. Milenković;80;82;2;26;Nottingham Forest;Defender;CB;195;90;Right;18-07-24;23000000;69000;58;54;54;73;46;80;10;63;Normal (185+);Controlled Lengthy;17;16;24;19,00;1
239085;E. Haaland;91;93;2;23;Manchester City;Attacker;ST;195;94;Left;01-07-22;172500000;420000;81;73;83;88;65;38;10;73;Unique;Controlled Lengthy;1;1;1;1,00;10
193105;A. Areola;80;80;0;31;West Ham United;Goalkeeper;GK;195;94;Right;01-07-22;11000000;61000;23;25;61;53;25;14;78;47;Unique;Controlled Lengthy;9;14;7;10,00;0
228092;S. Berge;76;77;1;26;Fulham;Midfielder;CDM;195;96;Right;22-08-24;9000000;66000;66;70;52;78;59;74;10;68;Normal (185+);Controlled Lengthy;13;10;21;14,67;0
202750;W. Boly;76;76;0;33;Nottingham Forest;Defender;CB;195;97;Right;01-09-22;3600000;54000;50;54;42;60;52;77;10;57;Normal (185+);Controlled;17;16;24;19,00;1
212419;T. Mings;79;79;0;31;Aston Villa;Defender;CB;196;77;Left;08-07-19;12000000;100000;59;60;56;66;53;79;10;64;Normal (185+);Controlled Lengthy;4;7;14;8,33;7
222104;T. Adarabioyo;78;81;3;26;Chelsea;Defender;CB;196;80;Right;01-07-24;16500000;95000;52;59;61;63;47;79;11;62;Lean (185+);Controlled Lengthy;6;12;3;7,00;6
224258;K. Ajer;76;78;2;26;Brentford;Defender;CB;196;84;Right;21-07-21;8000000;57000;61;63;58;69;52;75;10;65;Normal (185+);Controlled Lengthy;16;9;13;12,67;0
220714;P. Billing;76;76;0;28;AFC Bournemouth;Midfielder;CM;197;80;Left;29-07-19;7500000;57000;73;75;53;80;60;70;11;70;Lean (185+);Controlled Lengthy;12;15;22;16,33;0
253510;J. O'Brien;75;81;6;23;Everton;Defender;CB;197;84;Right;30-07-24;8000000;38000;51;50;61;65;47;72;11;60;Normal (185+);Controlled Lengthy;15;17;16;16,00;9
228789;Robert Sánchez;79;81;2;26;Chelsea;Goalkeeper;GK;197;90;Right;05-08-23;16500000;67000;21;28;54;51;23;17;78;45;Lean (185+);Controlled Lengthy;6;12;3;7,00;6
233164;A. Murić;75;80;5;25;Ipswich Town;Goalkeeper;GK;197;95;Right;17-07-24;6500000;28000;21;30;47;48;22;17;76;43;Normal (185+);Controlled Lengthy;22;51;42;38,33;1
198032;D. Burn;78;78;0;32;Newcastle United;Defender;CB;198;87;Left;31-01-22;9000000;95000;54;59;44;65;55;78;11;61;Lean (185+);Controlled;7;4;11;7,33;4
243647;A. Bayındır;76;78;2;26;Manchester United;Goalkeeper;GK;198;88;Right;01-09-23;7000000;47000;18;19;41;45;21;12;76;39;Lean (185+);Controlled;8;3;6;5,67;20
207557;R. Olsen;74;74;0;34;Aston Villa;Goalkeeper;GK;198;89;Right;01-07-22;725000;47000;19;23;41;50;24;17;74;41;Normal (185+);Controlled;4;7;14;8,33;7
172723;A. Begović;71;71;0;37;Everton;Goalkeeper;GK;199;100;Right;23-08-24;210000;15000;17;21;41;48;25;14;70;39;Lean (185+);Controlled;15;17;16;16,00;9
203841;N. Pope;83;83;0;32;Newcastle United;Goalkeeper;GK;199;90;Right;23-06-22;18000000;90000;18;23;51;51;24;16;81;44;Normal (185+);Controlled Lengthy;7;4;11;7,33;4
202849;J. Vestergaard;75;75;0;31;Leicester City;Defender;CB;199;96;Right;13-08-21;3800000;46000;53;57;39;71;53;74;13;60;Lean (185+);Controlled;21;18;8;15,67;1
239901;S. Kalajdžić;76;76;0;26;Wolverhampton Wanderers;Attacker;ST;200;90;Right;31-08-22;8500000;61000;74;62;54;71;49;44;11;61;Unique;Controlled Lengthy;14;13;10;12,33333333;3
172203;F. Forster;73;73;0;36;Tottenham Hotspur;Goalkeeper;GK;201;93;Right;01-07-22;350000;24000;18;24;42;47;25;12;72;40;Normal (185+);Controlled;5;8;4;5,67;2
212382;P. Onuachu;75;75;0;30;Southampton;Attacker;ST;201;98;Right;31-01-23;5500000;55000;70;58;53;76;58;39;10;61;Normal (185+);Controlled Lengthy;24;20;15;19,67;0
73239;Carlos Miguel;73;78;5;25;Nottingham Forest;Goalkeeper;GK;204;96;Left;09-07-24;3600000;25000;14;12;29;43;14;10;72;32;Lean (185+);Controlled;17;16;24;19,00;1
261375;L. Bergström;63;73;10;21;Chelsea;Goalkeeper;GK;205;82;Right;05-09-19;925000;19000;15;18;36;40;15;12;62;33;Lean (185+);Controlled;6;12;3;7,00;6
