ID;Name;Overall rating;Potential;Growth;Age;Age group;Team;Position rank;Position;IMC;Foot;Value;Wage;Goalkeeping;Total stats;Body type;Acceleration type;Classement 23/24;Classement 22/23;Classement 21/22;Classement moyen;Palmares 
239085;E. Haaland;91;93;2;23;Major;Manchester City;Attacker;ST;24,7;Left;100000000;420000;10;73;Unique;Controlled Lengthy;1;1;1;1;10
222665;M. Ødegaard;89;90;1;25;Major;Arsenal;Midfielder;CM;21,5;Left;100000000;240000;12;77;Lean (170-185);Controlled Explosive;2;2;5;3;13
246669;B. Saka;88;90;2;22;Junior;Arsenal;Attacker;RW;20,5;Left;100000000;210000;10;76;Lean (170-185);Mostly Explosive;2;2;5;3;13
231866;Rodri;91;91;0;28;Major;Manchester City;Midfielder;CDM;22,5;Right;100000000;440000;10;80;Normal (185+);Controlled Lengthy;1;1;1;1;10
237692;P. Foden;87;89;2;24;Major;Manchester City;Midfielder;CAM;23,6;Left;100000000;210000;10;74;Unique;Explosive;1;1;1;1;10
209331;M. Salah;90;90;0;32;Senior;Liverpool;Attacker;RM;23,5;Left;95000000;230000;12;75;Unique;Mostly Explosive;3;5;2;3;19
257534;C. Palmer;86;89;3;22;Junior;Chelsea;Midfielder;CAM;22,2;Left;94500000;170000;10;73;Lean (185+);Controlled;6;12;3;7;6
243715;W. Saliba;87;89;2;23;Major;Arsenal;Defender;CB;22,8;Right;92000000;170000;8;68;Normal (185+);Controlled Lengthy;2;2;5;3;13
234378;D. Rice;87;88;1;25;Major;Arsenal;Midfielder;CDM;23,4;Right;85000000;190000;9;77;Normal (185+);Controlled Lengthy;2;2;5;3;13
239837;A. Mac Allister;86;88;2;25;Major;Liverpool;Midfielder;CM;23,2;Right;84500000;150000;11;79;Normal (170-185);Controlled Explosive;3;5;2;3;19
239818;Rúben Dias;88;88;0;27;Major;Manchester City;Defender;CB;23,4;Right;84000000;230000;9;68;Normal (185+);Controlled Lengthy;1;1;1;1;10
212198;Bruno Fernandes;87;87;0;29;Major;Manchester United;Midfielder;CAM;21,5;Right;78000000;190000;13;79;Unique;Controlled Explosive;8;3;6;6;20
218667;Bernardo Silva;87;87;0;29;Major;Manchester City;Midfielder;CM;21,4;Left;77500000;230000;11;78;Lean (170-185);Explosive;1;1;1;1;10
231281;T. Alexander-Arnold;86;87;1;25;Major;Liverpool;Midfielder;CM;22,2;Right;74000000;140000;11;79;Unique;Controlled Explosive;3;5;2;3;19
192985;K. De Bruyne;90;90;0;33;Senior;Manchester City;Midfielder;CM;22,9;Right;73500000;300000;11;78;Unique;Controlled;1;1;1;1;10
233731;A. Isak;85;87;2;24;Major;Newcastle United;Attacker;ST;20,9;Right;71000000;155000;8;69;Lean (185+);Controlled;7;4;11;7;4
232580;Gabriel;86;87;1;26;Major;Arsenal;Defender;CB;24,1;Left;70000000;180000;10;65;Lean (185+);Controlled Lengthy;2;2;5;3;13
200104;H. Son;87;87;0;31;Senior;Tottenham Hotspur;Attacker;ST;23,3;Right;67500000;200000;11;73;Unique;Controlled Lengthy;5;8;4;6;2
203376;V. van Dijk;89;89;0;32;Senior;Liverpool;Defender;CB;24,7;Right;67000000;200000;12;74;Unique;Controlled Lengthy;3;5;2;3;19
241096;S. Tonali;85;87;2;24;Major;Newcastle United;Midfielder;CDM;24,1;Right;63000000;135000;9;79;Unique;Controlled;7;4;11;7;4
224458;Diogo Jota;85;85;0;27;Major;Liverpool;Attacker;ST;22,1;Right;58500000;155000;11;74;Normal (170-185);Controlled Explosive;3;5;2;3;19
220697;J. Maddison;85;85;0;27;Major;Tottenham Hotspur;Midfielder;CAM;23,8;Right;57500000;155000;13;73;Lean (170-185);Controlled Explosive;5;8;4;6;2
247851;Bruno Guimarães;85;86;1;26;Major;Newcastle United;Midfielder;CM;22,3;Right;56500000;155000;11;78;Lean (170-185);Controlled;7;4;11;7;4
256079;M. Caicedo;84;88;4;22;Junior;Chelsea;Midfielder;CDM;23;Right;56000000;135000;11;74;Normal (170-185);Controlled;6;12;3;7;6
221697;O. Watkins;85;85;0;28;Major;Aston Villa;Attacker;ST;21,6;Right;55000000;185000;12;72;Normal (170-185);Controlled;4;7;14;8;7
212831;Alisson;89;89;0;31;Senior;Liverpool;Goalkeeper;GK;24,4;Right;54500000;130000;87;49;Unique;Controlled Lengthy;3;5;2;3;19
251517;J. Gvardiol;84;87;3;22;Junior;Manchester City;Defender;CB;23,4;Left;54500000;140000;8;76;Normal (185+);Controlled Lengthy;1;1;1;1;10
225193;Mikel Merino;85;85;0;28;Major;Arsenal;Midfielder;CM;23,2;Left;54000000;185000;11;79;Normal (185+);Controlled Lengthy;2;2;5;3;13
210257;Ederson;87;87;0;30;Major;Manchester City;Goalkeeper;GK;24,3;Left;53000000;145000;86;55;Unique;Controlled Lengthy;1;1;1;1;10
235243;M. de Ligt;84;87;3;24;Major;Manchester United;Defender;CB;24,9;Right;51500000;115000;11;69;Unique;Controlled Lengthy;8;3;6;6;20
247394;D. Kulusevski;83;86;3;24;Major;Tottenham Hotspur;Midfielder;CAM;23,1;Left;49500000;110000;9;73;Lean (185+);Controlled Lengthy;5;8;4;6;2
242516;C. Gakpo;83;86;3;25;Major;Liverpool;Attacker;ST;21,3;Right;48000000;115000;9;71;Lean (185+);Controlled;3;5;2;3;19
270409;Savinho;82;88;6;20;Junior;Manchester City;Attacker;LM;22,9;Left;47500000;115000;10;64;Lean (170-185);Mostly Explosive;1;1;1;1;10
237678;I. Konaté;84;86;2;25;Major;Liverpool;Defender;CB;25,2;Right;47000000;120000;10;63;Normal (185+);Controlled Lengthy;3;5;2;3;19
264453;M. van de Ven;83;87;4;23;Major;Tottenham Hotspur;Defender;CB;23,1;Left;47000000;105000;10;68;Normal (185+);Controlled Lengthy;5;8;4;6;2
235805;F. Chiesa;84;84;0;26;Major;Liverpool;Attacker;RM;22,9;Right;46000000;130000;7;73;Unique;Explosive;3;5;2;3;19
232411;C. Nkunku;84;84;0;26;Major;Chelsea;Midfielder;CAM;21,7;Right;46000000;165000;9;74;Normal (170-185);Mostly Explosive;6;12;3;7;6
232488;C. Romero;84;86;2;26;Major;Tottenham Hotspur;Defender;CB;23,1;Right;46000000;135000;9;67;Normal (185+);Controlled Lengthy;5;8;4;6;2
243576;Pedro Porro;83;86;3;24;Major;Tottenham Hotspur;Defender;RWB;23,1;Right;46000000;105000;10;77;Normal (170-185);Controlled Explosive;5;8;4;6;2
235790;K. Havertz;83;85;2;25;Major;Arsenal;Midfielder;CAM;22;Left;46000000;155000;9;71;Unique;Controlled;2;2;5;3;13
231936;B. White;84;85;1;26;Major;Arsenal;Defender;RB;22,5;Right;45500000;155000;8;68;Lean (185+);Controlled Lengthy;2;2;5;3;13
241084;L. Díaz;84;84;0;27;Major;Liverpool;Attacker;LM;22,5;Right;45000000;130000;13;72;Unique;Mostly Explosive;3;5;2;3;19
203574;J. Stones;85;85;0;30;Major;Manchester City;Defender;CB;21,5;Right;44000000;185000;10;72;Normal (185+);Controlled Lengthy;1;1;1;1;10
239301;L. Martínez;84;85;1;26;Major;Manchester United;Defender;CB;24,3;Left;43500000;135000;11;76;Normal (170-185);Controlled;8;3;6;6;20
245155;M. Kudus;82;86;4;23;Major;West Ham United;Attacker;LM;22,3;Left;43500000;95000;8;72;Normal (170-185);Controlled Explosive;9;14;7;10;0
247090;E. Fernández;82;86;4;23;Major;Chelsea;Midfielder;CM;24,6;Right;43500000;115000;8;75;Normal (170-185);Controlled;6;12;3;7;6
233049;J. Sancho;82;86;4;24;Major;Chelsea;Midfielder;CAM;23,5;Right;43500000;100000;10;65;Unique;Mostly Explosive;6;12;3;7;6
242964;A. Gordon;82;86;4;23;Major;Newcastle United;Attacker;RM;21,5;Right;43500000;120000;8;71;Lean (170-185);Controlled;7;4;11;7;4
202811;E. Martínez;87;87;0;31;Senior;Aston Villa;Goalkeeper;GK;23,1;Right;42000000;125000;85;52;Stocky (185+);Controlled Lengthy;4;7;14;8;7
240091;G. Vicario;84;87;3;27;Major;Tottenham Hotspur;Goalkeeper;GK;20,2;Right;41500000;86000;83;45;Lean (185+);Controlled;5;8;4;6;2
251566;Gabriel Martinelli;82;85;3;23;Major;Arsenal;Attacker;LW;23,7;Right;41500000;125000;7;70;Lean (170-185);Mostly Explosive;2;2;5;3;13
259583;D. Udogie;82;86;4;21;Junior;Tottenham Hotspur;Defender;LB;21,1;Left;41500000;82000;11;74;Normal (185+);Controlled;5;8;4;6;2
253072;D. Núñez;82;85;3;25;Major;Liverpool;Attacker;ST;23,2;Right;41000000;115000;12;72;Lean (185+);Controlled Lengthy;3;5;2;3;19
229237;M. Akanji;84;85;1;28;Major;Manchester City;Defender;CB;26;Right;40000000;170000;9;70;Unique;Controlled Lengthy;1;1;1;1;10
239231;Marc Cucurella;83;84;1;25;Major;Chelsea;Defender;LB;22,4;Left;39500000;135000;10;76;Normal (170-185);Controlled Explosive;6;12;3;7;6
208920;N. Aké;84;85;1;29;Major;Manchester City;Defender;CB;23,1;Left;39000000;170000;10;72;Normal (170-185);Controlled Explosive;1;1;1;1;10
236772;D. Szoboszlai;81;86;5;23;Major;Liverpool;Midfielder;CAM;21,4;Right;39000000;89000;10;75;Normal (185+);Controlled Lengthy;3;5;2;3;19
268438;Alejandro Garnacho;79;87;8;20;Junior;Manchester United;Attacker;RM;22,2;Right;38500000;71000;11;65;Lean (170-185);Mostly Explosive;8;3;6;6;20
259197;N. Jackson;81;85;4;23;Major;Chelsea;Attacker;ST;22,3;Right;37500000;120000;9;67;Lean (185+);Controlled;6;12;3;7;6
251809;S. Botman;82;85;3;24;Major;Newcastle United;Defender;CB;21,7;Left;37000000;105000;10;63;Normal (185+);Controlled Lengthy;7;4;11;7;4
242444;João Félix;81;85;4;24;Major;Chelsea;Midfielder;CAM;21,4;Right;37000000;110000;13;71;Unique;Mostly Explosive;6;12;3;7;6
216267;A. Robertson;84;84;0;30;Major;Liverpool;Defender;LB;20,2;Left;36500000;130000;10;75;Unique;Controlled Explosive;3;5;2;3;19
206517;J. Grealish;83;83;0;28;Major;Manchester City;Attacker;LW;25;Right;36500000;175000;10;72;Unique;Controlled Explosive;1;1;1;1;10
238074;R. James;82;84;2;24;Major;Chelsea;Defender;CB;28,4;Right;36500000;110000;10;79;Stocky (170-185);Controlled Explosive;6;12;3;7;6
235152;F. Kadıoğlu;81;86;5;24;Major;Brighton & Hove Albion;Attacker;RM;24,1;Right;36500000;83000;10;75;Normal (170-185);Explosive;11;6;9;9;0
246104;R. Gravenberch;81;86;5;22;Junior;Liverpool;Midfielder;CAM;21,3;Right;36500000;83000;10;76;Lean (185+);Controlled Lengthy;3;5;2;3;19
220901;David Raya;84;86;2;28;Major;Arsenal;Goalkeeper;GK;22,4;Right;36000000;105000;84;48;Normal (170-185);Controlled;2;2;5;3;13
207421;L. Trossard;83;83;0;29;Major;Arsenal;Attacker;LW;22,9;Right;35500000;165000;9;67;Normal (170-185);Explosive;2;2;5;3;13
236987;B. Kamara;82;84;2;24;Major;Aston Villa;Midfielder;CDM;20,1;Right;35500000;105000;9;70;Lean (170-185);Controlled Lengthy;4;7;14;8;7
253306;M. Ugarte;81;86;5;23;Major;Manchester United;Midfielder;CDM;23,2;Right;35500000;90000;11;72;Normal (170-185);Controlled Explosive;8;3;6;6;20
216393;Y. Tielemans;82;83;1;27;Major;Aston Villa;Midfielder;CM;23,2;Right;35000000;125000;10;73;Normal (170-185);Controlled;4;7;14;8;7
234574;Diogo Dalot;82;84;2;25;Major;Manchester United;Defender;RWB;22,7;Right;35000000;105000;8;75;Normal (170-185);Controlled;8;3;6;6;20
240734;M. O'Riley;79;86;7;23;Major;Brighton & Hove Albion;Midfielder;CM;21,8;Left;35000000;77000;10;74;Lean (185+);Controlled;11;6;9;9;0
207410;M. Kovačić;83;83;0;30;Major;Manchester City;Midfielder;CM;25,5;Right;34500000;160000;7;73;Normal (170-185);Controlled Explosive;1;1;1;1;10
246420;J. Doku;80;86;6;22;Junior;Manchester City;Midfielder;CAM;25,7;Right;34000000;115000;10;64;Normal (170-185);Explosive;1;1;1;1;10
226753;A. Onana;84;85;1;28;Major;Manchester United;Goalkeeper;GK;25,8;Right;33500000;90000;82;50;Stocky (185+);Controlled Lengthy;8;3;6;6;20
235794;E. Eze;81;84;3;26;Major;Crystal Palace;Midfielder;CAM;21,1;Right;33500000;95000;11;71;Lean (170-185);Controlled Explosive;10;11;12;11;0
186942;İ. Gündoğan;85;85;0;33;Senior;Manchester City;Midfielder;CM;24,7;Right;33000000;195000;10;76;Normal (170-185);Controlled;1;1;1;1;10
247649;J. Branthwaite;79;86;7;22;Junior;Everton;Defender;CB;19,5;Left;33000000;51000;10;59;Normal (185+);Controlled Lengthy;15;17;16;16;9
224371;J. Bowen;82;82;0;27;Major;West Ham United;Attacker;RM;22,9;Left;32500000;110000;11;70;Normal (170-185);Controlled Explosive;9;14;7;10;0
223334;Joelinton;82;82;0;27;Major;Newcastle United;Midfielder;CM;23,4;Right;32000000;125000;11;76;Stocky (185+);Controlled Lengthy;7;4;11;7;4
241159;M. Guéhi;81;84;3;23;Major;Crystal Palace;Defender;CB;24,8;Right;31500000;78000;10;66;Normal (170-185);Controlled Lengthy;10;11;12;11;0
259307;M. Gusto;80;86;6;21;Junior;Chelsea;Defender;RWB;21,1;Right;31500000;81000;10;72;Lean (170-185);Mostly Explosive;6;12;3;7;6
246174;H. Elliott;78;86;8;21;Junior;Liverpool;Midfielder;CAM;22,7;Left;31500000;61000;9;67;Normal (170-185);Controlled Explosive;3;5;2;3;19
225539;D. Solanke;81;82;1;26;Major;Tottenham Hotspur;Attacker;ST;22,9;Right;31000000;120000;11;66;Lean (185+);Controlled Lengthy;5;8;4;6;2
241464;Pau Torres;82;83;1;27;Major;Aston Villa;Midfielder;CDM;21,9;Left;30500000;120000;12;70;Lean (185+);Controlled Lengthy;4;7;14;8;7
256612;Evanilson;80;84;4;24;Major;AFC Bournemouth;Attacker;ST;23,5;Right;30500000;69000;10;65;Normal (170-185);Controlled Explosive;12;15;22;16;0
231943;Richarlison;81;82;1;27;Major;Tottenham Hotspur;Attacker;ST;21;Right;30000000;120000;10;71;Normal (170-185);Controlled Lengthy;5;8;4;6;2
242434;C. Jones;80;84;4;23;Major;Liverpool;Midfielder;CM;21,9;Right;30000000;82000;9;72;Unique;Controlled Lengthy;3;5;2;3;19
227535;R. Bentancur;81;82;1;27;Major;Tottenham Hotspur;Midfielder;CM;20,9;Right;29500000;110000;11;75;Lean (185+);Controlled Lengthy;5;8;4;6;2
243014;B. Mbeumo;80;83;3;24;Major;Brentford;Midfielder;CAM;25,6;Left;29000000;75000;13;72;Normal (170-185);Mostly Explosive;16;9;13;13;0
248793;M. Wieffer;80;85;5;24;Major;Brighton & Hove Albion;Midfielder;CDM;22,1;Right;29000000;78000;10;72;Lean (185+);Controlled Lengthy;11;6;9;9;0
259399;R. Højlund;78;85;7;21;Junior;Manchester United;Attacker;ST;21,7;Left;29000000;72000;10;63;Normal (185+);Controlled Lengthy;8;3;6;6;20
269136;K. Mainoo;78;87;9;19;Junior;Manchester United;Midfielder;CAM;24,4;Right;28500000;57000;10;73;Lean (170-185);Controlled Explosive;8;3;6;6;20
250961;J. Zirkzee;78;85;7;23;Major;Manchester United;Midfielder;CAM;23,9;Right;28500000;83000;10;66;Stocky (185+);Controlled;8;3;6;6;20
230666;Gabriel Jesus;81;81;0;27;Major;Arsenal;Attacker;RW;23,8;Right;28000000;135000;10;70;Unique;Explosive;2;2;5;3;13
229906;L. Bailey;81;81;0;26;Major;Aston Villa;Attacker;LW;24,3;Left;28000000;115000;12;68;Lean (170-185);Mostly Explosive;4;7;14;8;7
233927;Lucas Paquetá;81;81;0;26;Major;West Ham United;Attacker;LM;22,2;Left;28000000;100000;11;75;Normal (170-185);Controlled;9;14;7;10;0
231677;M. Rashford;81;81;0;26;Major;Manchester United;Attacker;CF;20,2;Right;28000000;110000;11;67;Unique;Controlled Lengthy;8;3;6;6;20
205988;L. Shaw;82;82;0;28;Major;Manchester United;Defender;LB;22,9;Left;27500000;120000;10;75;Stocky (170-185);Controlled Explosive;8;3;6;6;20
255565;K. Mitoma;81;81;0;27;Major;Brighton & Hove Albion;Attacker;LM;22,4;Right;27500000;100000;11;70;Lean (170-185);Mostly Explosive;11;6;9;9;0
236401;N. Mazraoui;81;82;1;26;Major;Manchester United;Defender;RB;19,4;Right;27500000;105000;11;73;Lean (170-185);Controlled Lengthy;8;3;6;6;20
269087;L. Yoro;78;86;8;18;Junior;Manchester United;Defender;CB;20,8;Right;27500000;53000;11;62;Lean (185+);Controlled Lengthy;8;3;6;6;20
254796;N. Madueke;79;84;5;22;Junior;Chelsea;Midfielder;CAM;22,6;Left;27000000;95000;10;67;Lean (170-185);Mostly Explosive;6;12;3;7;6
262118;T. Livramento;78;85;7;21;Junior;Newcastle United;Defender;RWB;21,7;Right;27000000;65000;11;69;Normal (170-185);Controlled Explosive;7;4;11;7;4
227678;E. Konsa;81;82;1;26;Major;Aston Villa;Defender;CB;23;Right;26500000;110000;11;69;Lean (170-185);Controlled Lengthy;4;7;14;8;7
240243;Matheus Cunha;80;82;2;25;Major;Wolverhampton Wanderers;Midfielder;CAM;22,7;Right;26500000;73000;10;70;Lean (170-185);Controlled Lengthy;14;13;10;12;3
248465;I. Maatsen;79;85;6;22;Junior;Aston Villa;Defender;LB;18;Left;26500000;85000;11;72;Lean (170-185);Mostly Explosive;4;7;14;8;7
251421;B. Johnson;79;84;5;23;Major;Tottenham Hotspur;Attacker;RM;21,1;Right;26500000;90000;10;66;Lean (185+);Controlled;5;8;4;6;2
242641;R. Aït-Nouri;79;85;6;23;Major;Wolverhampton Wanderers;Defender;LB;21,6;Left;26000000;58000;12;71;Lean (170-185);Mostly Explosive;14;13;10;12;3
259868;P. Sarr;79;85;6;21;Junior;Tottenham Hotspur;Midfielder;CM;20,7;Right;26000000;67000;10;71;Lean (170-185);Controlled Lengthy;5;8;4;6;2
271574;R. Lewis;78;85;7;19;Junior;Manchester City;Defender;RWB;24,5;Right;26000000;69000;11;68;Lean (170-);Explosive;1;1;1;1;10
259240;A. Wharton;78;85;7;20;Junior;Crystal Palace;Midfielder;CDM;21,1;Left;26000000;53000;9;71;Lean (170-185);Controlled Explosive;10;11;12;11;0
209989;T. Partey;83;83;0;31;Senior;Arsenal;Midfielder;CDM;22,5;Right;25500000;145000;10;73;Lean (185+);Controlled Lengthy;2;2;5;3;13
205431;N. Füllkrug;82;82;0;31;Senior;West Ham United;Attacker;ST;23,5;Right;25500000;125000;11;68;Stocky (185+);Controlled Lengthy;9;14;7;10;0
210881;J. McGinn;81;81;0;29;Major;Aston Villa;Midfielder;CM;21,5;Left;25500000;120000;11;77;Stocky (170-185);Controlled Explosive;4;7;14;8;7
278016;Murillo;79;85;6;21;Junior;Nottingham Forest;Defender;CB;23,1;Left;25500000;48000;12;67;Stocky (170-185);Controlled Explosive;17;16;24;19;1
262859;L. Colwill;79;85;6;21;Junior;Chelsea;Defender;CB;23,7;Left;25500000;76000;12;67;Lean (185+);Controlled Lengthy;6;12;3;7;6
238616;Pedro Neto;79;83;4;24;Major;Chelsea;Midfielder;CAM;20,7;Left;25000000;95000;9;66;Unique;Explosive;6;12;3;7;6
242619;C. Doucouré;79;84;5;24;Major;Crystal Palace;Midfielder;CDM;22,5;Right;24500000;69000;13;69;Normal (170-185);Controlled;10;11;12;11;0
257057;A. Onana;79;84;5;22;Junior;Aston Villa;Defender;CB;20,6;Right;24500000;85000;10;70;Lean (185+);Controlled Lengthy;4;7;14;8;7
200145;Casemiro;83;83;0;32;Senior;Manchester United;Midfielder;CDM;24,5;Right;24000000;130000;13;73;Unique;Controlled;8;3;6;6;20
233934;A. Ramsdale;81;83;2;26;Major;Southampton;Goalkeeper;GK;21,1;Right;24000000;44000;81;46;Lean (185+);Controlled;24;20;15;20;0
236015;M. Gibbs-White;79;82;3;24;Major;Nottingham Forest;Midfielder;CAM;22,5;Right;24000000;61000;11;72;Normal (170-185);Controlled Explosive;17;16;24;19;1
248695;W. Fofana;79;84;5;23;Major;Chelsea;Defender;CB;24,3;Right;24000000;90000;11;65;Normal (185+);Controlled Lengthy;6;12;3;7;6
234742;H. Barnes;80;80;0;26;Major;Newcastle United;Attacker;CF;21;Right;23000000;115000;8;67;Normal (185+);Controlled Lengthy;7;4;11;7;4
238095;N. Milenković;80;82;2;26;Major;Nottingham Forest;Defender;CB;23,7;Right;23000000;69000;10;63;Normal (185+);Controlled Lengthy;17;16;24;19;1
229348;A. Robinson;80;81;1;26;Major;Fulham;Defender;LB;20,9;Left;22500000;84000;12;70;Lean (185+);Controlled Lengthy;13;10;21;15;0
251805;J. Timber;79;83;4;23;Major;Arsenal;Defender;CB;24,3;Right;22500000;90000;10;68;Normal (170-185);Controlled Explosive;2;2;5;3;13
245388;J. Todibo;79;83;4;24;Major;West Ham United;Defender;CB;24,4;Right;22500000;32000;10;66;Normal (185+);Controlled Lengthy;9;14;7;10;0
235844;E. Álvarez;80;81;1;26;Major;West Ham United;Defender;CB;20,9;Right;22000000;90000;8;70;Normal (185+);Controlled Lengthy;9;14;7;10;0
263620;R. Lavia;77;85;8;20;Junior;Chelsea;Midfielder;CDM;23,2;Right;22000000;65000;9;68;Normal (170-185);Controlled;6;12;3;7;6
225659;G. Rodríguez;81;81;0;30;Major;West Ham United;Midfielder;CDM;23,4;Right;21500000;100000;12;69;Lean (185+);Controlled Lengthy;9;14;7;10;0
236480;Y. Bissouma;80;81;1;27;Major;Tottenham Hotspur;Midfielder;CDM;23,5;Right;21500000;95000;10;74;Lean (170-185);Controlled;5;8;4;6;2
260247;M. Rogers;78;83;5;21;Junior;Aston Villa;Midfielder;CAM;22,6;Right;21500000;70000;11;70;Normal (185+);Controlled Lengthy;4;7;14;8;7
196978;C. Wilson;81;81;0;32;Senior;Newcastle United;Attacker;ST;20,4;Right;21000000;130000;10;67;Normal (170-185);Controlled;7;4;11;7;4
225100;J. Gomez;80;81;1;27;Major;Liverpool;Defender;CB;21,8;Right;21000000;90000;10;65;Unique;Controlled Lengthy;3;5;2;3;19
257711;R. Calafiori;78;84;6;22;Junior;Arsenal;Defender;CB;24,3;Left;21000000;82000;8;71;Normal (185+);Controlled Lengthy;2;2;5;3;13
247172;J. Durán;77;84;7;20;Junior;Aston Villa;Attacker;ST;20;Left;21000000;72000;7;61;Normal (185+);Controlled Lengthy;4;7;14;8;7
205498;Jorginho;82;82;0;32;Senior;Arsenal;Midfielder;CDM;21,5;Right;20500000;135000;11;72;Lean (170-185);Controlled;2;2;5;3;13
204935;J. Pickford;82;82;0;30;Major;Everton;Goalkeeper;GK;22,5;Left;20500000;49000;83;51;Normal (185+);Controlled Lengthy;15;17;16;16;9
202652;R. Sterling;80;80;0;29;Major;Arsenal;Attacker;RW;23,3;Right;20500000;120000;13;69;Unique;Explosive;2;2;5;3;13
236461;J. Mateta;79;80;1;27;Major;Crystal Palace;Attacker;ST;23,9;Right;20500000;90000;9;63;Stocky (185+);Controlled Lengthy;10;11;12;11;0
260908;M. Kerkez;78;84;6;20;Junior;AFC Bournemouth;Defender;LWB;21,9;Left;20500000;43000;11;70;Normal (170-185);Mostly Explosive;12;15;22;16;0
210047;F. Schär;82;82;0;32;Senior;Newcastle United;Defender;CB;23,8;Right;20000000;125000;11;73;Normal (185+);Controlled Lengthy;7;4;11;7;4
246923;J. Ramsey;78;82;4;23;Major;Aston Villa;Midfielder;CAM;22,2;Right;20000000;81000;10;72;Normal (170-185);Controlled Explosive;4;7;14;8;7
240740;C. Hudson-Odoi;78;82;4;23;Major;Nottingham Forest;Midfielder;CAM;22,9;Right;20000000;54000;12;68;Normal (170-185);Mostly Explosive;17;16;24;19;1
273463;João Gomes;78;83;5;23;Major;Wolverhampton Wanderers;Midfielder;CDM;23,9;Right;19500000;53000;12;72;Normal (170-185);Controlled;14;13;10;12;3
244067;M. Lacroix;77;84;7;24;Major;Crystal Palace;Defender;CB;24,4;Right;19500000;59000;11;63;Normal (185+);Controlled Lengthy;10;11;12;11;0
237942;P. Estupiñán;79;80;1;26;Major;Brighton & Hove Albion;Defender;LB;25,8;Left;19000000;85000;10;71;Normal (170-185);Controlled;11;6;9;9;0
229880;A. Wan-Bissaka;79;80;1;26;Major;West Ham United;Defender;RB;21,5;Right;19000000;85000;8;68;Unique;Controlled Lengthy;9;14;7;10;0
227174;M. Cash;79;80;1;26;Major;Aston Villa;Defender;RB;21,6;Right;19000000;100000;13;71;Normal (185+);Controlled Lengthy;4;7;14;8;7
240273;E. Smith Rowe;78;81;3;23;Major;Fulham;Midfielder;CAM;22;Right;19000000;67000;10;66;Normal (170-185);Controlled Explosive;13;10;21;15;0
243282;D. McNeil;78;81;3;24;Major;Everton;Midfielder;CAM;20,9;Left;19000000;48000;12;69;Lean (170-185);Controlled;15;17;16;16;9
234824;Y. Wissa;79;79;0;27;Major;Brentford;Attacker;LW;23,9;Right;18500000;81000;10;64;Lean (170-185);Mostly Explosive;16;9;13;13;0
232730;D. Kamada;79;79;0;27;Major;Crystal Palace;Midfielder;CAM;21,3;Right;18500000;85000;9;69;Lean (170-185);Controlled;10;11;12;11;0
237386;K. Dewsbury-Hall;78;81;3;25;Major;Chelsea;Midfielder;CM;25,2;Left;18500000;95000;11;73;Lean (170-185);Controlled;6;12;3;7;6
233064;M. Mount;78;81;3;25;Major;Manchester United;Midfielder;CAM;22,6;Right;18500000;83000;11;72;Lean (170-185);Controlled Explosive;8;3;6;6;20
258485;F. Jörgensen;77;84;7;22;Junior;Chelsea;Goalkeeper;GK;23,1;Right;18500000;45000;77;42;Lean (185+);Controlled;6;12;3;7;6
258498;B. Verbruggen;77;84;7;21;Junior;Brighton & Hove Albion;Goalkeeper;GK;23,9;Right;18500000;26000;76;41;Lean (185+);Controlled Lengthy;11;6;9;9;0
203841;N. Pope;83;83;0;32;Senior;Newcastle United;Goalkeeper;GK;22,7;Right;18000000;90000;81;44;Normal (185+);Controlled Lengthy;7;4;11;7;4
200458;L. Digne;80;80;0;30;Major;Aston Villa;Defender;LB;23,4;Left;18000000;110000;9;75;Unique;Controlled;4;7;14;8;7
224221;J. Andersen;80;80;0;28;Major;Fulham;Defender;CB;24,4;Right;18000000;88000;12;68;Normal (185+);Controlled Lengthy;13;10;21;15;0
240913;C. Kelleher;79;82;3;25;Major;Liverpool;Goalkeeper;GK;22,9;Right;18000000;50000;78;42;Lean (185+);Controlled Lengthy;3;5;2;3;19
230918;T. Chalobah;78;82;4;24;Major;Crystal Palace;Defender;CB;20,3;Right;18000000;82000;7;66;Lean (185+);Controlled Lengthy;10;11;12;11;0
212188;T. Werner;79;79;0;28;Major;Tottenham Hotspur;Attacker;LW;23,5;Right;17500000;61000;10;66;Unique;Mostly Explosive;5;8;4;6;2
253124;Matheus Nunes;78;80;2;25;Major;Manchester City;Midfielder;CAM;22,7;Right;17500000;100000;12;73;Lean (170-185);Controlled Lengthy;1;1;1;1;10
205569;J. Ward-Prowse;79;79;0;29;Major;Nottingham Forest;Midfielder;CM;22,1;Right;17000000;95000;13;73;Normal (170-185);Controlled;17;16;24;19;1
227813;O. Zinchenko;79;79;0;27;Major;Arsenal;Midfielder;CM;20,9;Left;17000000;105000;12;75;Lean (170-185);Controlled Explosive;2;2;5;3;13
226491;K. Tierney;79;79;0;27;Major;Arsenal;Defender;LB;22,5;Left;17000000;105000;12;72;Lean (170-185);Controlled Explosive;2;2;5;3;13
232938;T. Tomiyasu;78;81;3;25;Major;Arsenal;Defender;CB;23,8;Right;17000000;90000;9;65;Lean (185+);Controlled Lengthy;2;2;5;3;13
252042;João Pedro;77;83;6;22;Junior;Brighton & Hove Albion;Attacker;ST;21,1;Right;17000000;72000;9;62;Lean (170-185);Controlled Explosive;11;6;9;9;0
251954;C. Summerville;76;84;8;22;Junior;West Ham United;Attacker;RM;22,4;Right;17000000;61000;11;62;Lean (170-);Explosive;9;14;7;10;0
254088;Amad;76;85;9;21;Junior;Manchester United;Midfielder;CAM;22,4;Left;17000000;56000;11;63;Lean (170-185);Explosive;8;3;6;6;20
245637;G. Rutter;76;84;8;22;Junior;Brighton & Hove Albion;Midfielder;CAM;23,2;Left;17000000;63000;10;65;Normal (170-185);Controlled;11;6;9;9;0
228789;Robert Sánchez;79;81;2;26;Major;Chelsea;Goalkeeper;GK;23,2;Right;16500000;67000;78;45;Lean (185+);Controlled Lengthy;6;12;3;7;6
229942;A. Disasi;78;81;3;26;Major;Chelsea;Defender;CB;23,8;Right;16500000;95000;9;62;Normal (185+);Controlled Lengthy;6;12;3;7;6
222104;T. Adarabioyo;78;81;3;26;Major;Chelsea;Defender;CB;20,8;Right;16500000;95000;11;62;Lean (185+);Controlled Lengthy;6;12;3;7;6
246340;M. Mudryk;77;83;6;23;Major;Chelsea;Midfielder;CAM;19,9;Right;16500000;81000;10;65;Normal (170-185);Explosive;6;12;3;7;6
267680;A. Fatawu;76;85;9;20;Junior;Leicester City;Midfielder;CAM;23,3;Left;16500000;39000;8;67;Normal (170-185);Mostly Explosive;21;18;8;16;1
186345;K. Trippier;82;82;0;33;Senior;Newcastle United;Defender;RB;23,7;Right;16000000;125000;11;76;Normal (170-185);Controlled;7;4;11;7;4
237646;D. Muñoz;79;79;0;28;Major;Crystal Palace;Defender;RB;22,3;Right;16000000;83000;9;73;Normal (170-185);Controlled;10;11;12;11;0
257470;A. Elanga;77;82;5;22;Junior;Nottingham Forest;Attacker;RM;22,1;Right;16000000;51000;10;65;Lean (170-185);Mostly Explosive;17;16;24;19;1
242000;K. Mavropanos;78;80;2;26;Major;West Ham United;Defender;CB;23,6;Right;15500000;77000;10;63;Normal (185+);Controlled Lengthy;9;14;7;10;0
258781;I. Zabarnyi;77;83;6;21;Junior;AFC Bournemouth;Defender;CB;22,4;Right;15500000;41000;12;62;Normal (185+);Controlled Lengthy;12;15;22;16;0
242453;S. van den Berg;77;83;6;22;Junior;Brentford;Defender;CB;23,6;Right;15500000;53000;11;63;Normal (185+);Controlled Lengthy;16;9;13;13;0
264298;C. Bradley;76;84;8;20;Junior;Liverpool;Defender;RWB;21,7;Right;15500000;49000;10;68;Lean (170-185);Controlled Explosive;3;5;2;3;19
192563;B. Leno;82;82;0;32;Senior;Fulham;Goalkeeper;GK;23,2;Right;15000000;67000;81;45;Normal (185+);Controlled Lengthy;13;10;21;15;0
232487;W. Endo;80;80;0;31;Senior;Liverpool;Midfielder;CDM;24,3;Right;15000000;95000;9;71;Normal (170-185);Controlled Explosive;3;5;2;3;19
213991;J. Lerma;79;79;0;29;Major;Crystal Palace;Midfielder;CDM;21,8;Right;15000000;83000;11;74;Normal (170-185);Controlled;10;11;12;11;0
233306;D. Henderson;79;80;1;27;Major;Crystal Palace;Goalkeeper;GK;24;Right;15000000;51000;78;43;Normal (185+);Controlled;10;11;12;11;0
236792;T. Souček;79;79;0;29;Major;West Ham United;Midfielder;CDM;23,3;Right;15000000;89000;9;71;Lean (185+);Controlled Lengthy;9;14;7;10;0
241236;A. Semenyo;77;81;4;24;Major;AFC Bournemouth;Attacker;ST;23,1;Right;15000000;51000;11;64;Stocky (185+);Controlled Lengthy;12;15;22;16;0
237329;J. Willock;77;81;4;24;Major;Newcastle United;Midfielder;CAM;20,5;Right;15000000;76000;9;71;Lean (185+);Controlled Lengthy;7;4;11;7;4
260779;S. Adingra;76;83;7;22;Junior;Brighton & Hove Albion;Midfielder;CAM;22,2;Right;15000000;61000;10;61;Lean (170-185);Explosive;11;6;9;9;0
202695;J. Tarkowski;80;80;0;31;Senior;Everton;Defender;CB;22,9;Right;14500000;65000;10;64;Stocky (185+);Controlled Lengthy;15;17;16;16;9
203263;H. Maguire;80;80;0;31;Senior;Manchester United;Defender;CB;26,8;Right;14500000;100000;12;66;Stocky (185+);Controlled;8;3;6;6;20
212811;M. Lemina;79;79;0;30;Major;Wolverhampton Wanderers;Midfielder;CDM;25,1;Right;14500000;71000;12;74;Normal (170-185);Controlled Lengthy;14;13;10;12;3
224294;L. Cook;78;79;1;27;Major;AFC Bournemouth;Midfielder;CDM;23,2;Right;14500000;59000;12;70;Normal (170-185);Controlled;12;15;22;16;0
269421;Jota Silva;77;80;3;24;Major;Nottingham Forest;Attacker;RM;24;Right;14500000;51000;10;66;Normal (170-185);Mostly Explosive;17;16;24;19;1
242578;B. Badiashile;77;82;5;23;Major;Chelsea;Defender;CB;19,9;Left;14500000;77000;9;63;Normal (185+);Controlled Lengthy;6;12;3;7;6
208450;Andreas Pereira;78;78;0;28;Major;Fulham;Midfielder;CAM;20,8;Right;14000000;80000;11;74;Normal (170-185);Controlled Explosive;13;10;21;15;0
213655;A. Iwobi;78;78;0;28;Major;Fulham;Attacker;LM;23,1;Right;14000000;79000;12;68;Normal (170-185);Controlled;13;10;21;15;0
206594;S. March;78;78;0;29;Major;Brighton & Hove Albion;Attacker;RM;23,8;Left;14000000;84000;11;70;Lean (170-185);Controlled Explosive;11;6;9;9;0
236506;M. Senesi;78;79;1;27;Major;AFC Bournemouth;Defender;CB;21,9;Left;14000000;59000;10;65;Normal (185+);Controlled Lengthy;12;15;22;16;0
236920;J. Kluivert;77;80;3;25;Major;AFC Bournemouth;Midfielder;CAM;22,6;Right;14000000;57000;9;66;Normal (170-185);Explosive;12;15;22;16;0
237658;S. Bueno;77;82;5;25;Major;Wolverhampton Wanderers;Defender;CB;21,1;Right;14000000;55000;9;58;Lean (185+);Controlled Lengthy;14;13;10;12;3
188377;K. Walker;83;83;0;34;Senior;Manchester City;Defender;RB;24,8;Right;13500000;155000;11;76;Unique;Controlled Lengthy;1;1;1;1;10
200159;S. Ortega;81;81;0;31;Senior;Manchester City;Goalkeeper;GK;25,7;Right;13500000;86000;81;48;Normal (185+);Controlled Lengthy;1;1;1;1;10
229984;B. Chilwell;78;78;0;27;Major;Chelsea;Defender;LB;23,5;Left;13500000;95000;10;72;Normal (170-185);Controlled;6;12;3;7;6
199189;R. Barkley;78;78;0;30;Major;Aston Villa;Midfielder;CM;22;Right;13500000;95000;10;70;Normal (185+);Controlled Lengthy;4;7;14;8;7
240947;T. Mitchell;77;80;3;24;Major;Crystal Palace;Defender;LB;21,6;Left;13500000;59000;11;65;Lean (170-185);Controlled Explosive;10;11;12;11;0
242916;Y. Sugawara;77;80;3;24;Major;Southampton;Defender;RB;21,5;Right;13500000;45000;10;70;Lean (170-185);Mostly Explosive;24;20;15;20;0
226790;W. Ndidi;78;78;0;27;Major;Leicester City;Midfielder;CDM;22,1;Right;13000000;53000;11;71;Lean (170-185);Controlled Lengthy;21;18;8;16;1
241042;O. Skipp;77;80;3;23;Major;Leicester City;Midfielder;CDM;22,9;Right;13000000;43000;8;65;Normal (170-185);Controlled;21;18;8;16;1
237477;M. Tavernier;77;79;2;25;Major;AFC Bournemouth;Attacker;LM;22,1;Left;13000000;56000;10;69;Normal (170-185);Controlled Explosive;12;15;22;16;0
244380;V. Mykolenko;77;80;3;25;Major;Everton;Defender;LB;21,9;Left;13000000;48000;11;65;Normal (170-185);Controlled;15;17;16;16;9
246158;M. Hermansen;77;82;5;23;Major;Leicester City;Goalkeeper;GK;23,7;Right;13000000;25000;78;43;Normal (185+);Controlled;21;18;8;16;1
217036;Álex Moreno;79;79;0;31;Senior;Nottingham Forest;Defender;LB;21,2;Left;12500000;100000;11;73;Normal (170-185);Mostly Explosive;17;16;24;19;1
210736;Emerson;78;78;0;29;Major;West Ham United;Defender;LB;25,5;Left;12500000;81000;10;72;Lean (170-185);Controlled Explosive;9;14;7;10;0
232223;K. Tsimikas;78;78;0;28;Major;Liverpool;Defender;LB;24;Left;12500000;81000;10;71;Normal (170-185);Controlled;3;5;2;3;19
223197;E. Ünal;77;78;1;27;Major;AFC Bournemouth;Attacker;ST;22,3;Right;12500000;63000;11;67;Lean (185+);Controlled Lengthy;12;15;22;16;0
257504;B. El Khannouss;75;85;10;20;Junior;Leicester City;Midfielder;CAM;21,6;Right;12500000;35000;11;61;Lean (170-185);Controlled Explosive;21;18;8;16;1
219693;Diego Carlos;79;79;0;31;Senior;Aston Villa;Defender;CB;22,8;Right;12000000;100000;10;65;Stocky (185+);Controlled Lengthy;4;7;14;8;7
212419;T. Mings;79;79;0;31;Senior;Aston Villa;Defender;CB;20;Left;12000000;100000;10;64;Normal (185+);Controlled Lengthy;4;7;14;8;7
227928;Nélson Semedo;78;78;0;30;Major;Wolverhampton Wanderers;Defender;RB;22;Right;12000000;64000;13;69;Unique;Controlled Explosive;14;13;10;12;3
221660;V. Lindelöf;78;78;0;29;Major;Manchester United;Midfielder;CDM;22,9;Right;12000000;87000;10;68;Lean (185+);Controlled Lengthy;8;3;6;6;20
232999;T. Adams;77;79;2;25;Major;AFC Bournemouth;Midfielder;CDM;23,5;Right;12000000;53000;9;68;Normal (170-185);Controlled Explosive;12;15;22;16;0
234153;Carlos Soler;77;78;1;27;Major;West Ham United;Midfielder;CAM;23,5;Right;12000000;66000;10;73;Normal (170-185);Controlled Explosive;9;14;7;10;0
241585;Igor;77;80;3;26;Major;Brighton & Hove Albion;Defender;CB;24,5;Left;12000000;72000;11;61;Stocky (185+);Controlled Lengthy;11;6;9;9;0
245336;M. Kilman;77;80;3;27;Major;West Ham United;Defender;CB;23,6;Left;12000000;72000;10;62;Normal (185+);Controlled Lengthy;9;14;7;10;0
254243;E. Anderson;76;82;6;21;Junior;Nottingham Forest;Midfielder;CAM;22,2;Right;12000000;40000;8;71;Normal (170-185);Controlled;17;16;24;19;1
275771;Igor Thiago;76;82;6;23;Major;Brentford;Attacker;ST;24,1;Right;12000000;57000;12;61;Stocky (185+);Controlled Lengthy;16;9;13;13;0
238756;J. Larsen;76;82;6;24;Major;Wolverhampton Wanderers;Attacker;ST;21;Right;12000000;25000;10;61;Lean (185+);Controlled Lengthy;14;13;10;12;3
269495;F. Buonanotte;75;83;8;19;Junior;Leicester City;Midfielder;CAM;21,8;Left;12000000;47000;9;60;Lean (170-185);Controlled Explosive;21;18;8;16;1
270857;Mateus Fernandes;75;85;10;19;Junior;Southampton;Midfielder;CAM;22,7;Right;12000000;34000;7;67;Normal (170-185);Controlled Explosive;24;20;15;20;0
273651;J. Quansah;75;83;8;21;Junior;Liverpool;Defender;CB;22,2;Right;12000000;47000;9;62;Lean (185+);Controlled Lengthy;3;5;2;3;19
199915;L. Dunk;79;79;0;32;Senior;Brighton & Hove Albion;Defender;CB;23,9;Right;11500000;89000;12;65;Normal (185+);Controlled;11;6;9;9;0
192123;C. Wood;78;78;0;32;Senior;Nottingham Forest;Attacker;ST;25,2;Right;11500000;70000;14;63;Normal (185+);Controlled Lengthy;17;16;24;19;1
224494;R. Henry;77;78;1;26;Major;Brentford;Defender;LB;22,8;Left;11500000;61000;11;66;Lean (170-);Explosive;16;9;13;13;0
235173;I. Sangaré;77;79;2;26;Major;Nottingham Forest;Defender;CB;21,1;Right;11500000;56000;9;70;Lean (185+);Controlled Lengthy;17;16;24;19;1
248808;A. Hickey;76;82;6;22;Junior;Brentford;Defender;RWB;21;Right;11500000;49000;11;67;Lean (185+);Controlled;16;9;13;13;0
258930;C. Archer;75;82;7;22;Junior;Southampton;Attacker;ST;23,2;Right;11500000;46000;9;60;Normal (170-185);Controlled Explosive;24;20;15;20;0
261336;J. Philogene;75;82;7;22;Junior;Aston Villa;Midfielder;CAM;20,9;Right;11500000;67000;9;62;Lean (170-185);Mostly Explosive;4;7;14;8;7
266127;L. Hall;75;84;9;19;Junior;Newcastle United;Defender;LWB;22,2;Left;11500000;51000;11;70;Normal (170-185);Controlled Explosive;7;4;11;7;4
272500;C. Baleba;75;84;9;20;Junior;Brighton & Hove Albion;Midfielder;CDM;23,4;Left;11500000;47000;10;69;Normal (170-185);Controlled Explosive;11;6;9;9;0
193105;A. Areola;80;80;0;31;Senior;West Ham United;Goalkeeper;GK;24,7;Right;11000000;61000;78;47;Unique;Controlled Lengthy;9;14;7;10;0
190460;C. Eriksen;78;78;0;32;Senior;Manchester United;Midfielder;CM;22,9;Right;11000000;90000;9;65;Unique;Controlled;8;3;6;6;20
226162;E. Buendía;77;77;0;27;Major;Aston Villa;Midfielder;CAM;24,3;Right;11000000;87000;10;72;Stocky (170-185);Controlled Explosive;4;7;14;8;7
226380;Hwang Hee Chan;77;77;0;28;Major;Wolverhampton Wanderers;Attacker;ST;24,6;Right;11000000;68000;11;66;Normal (170-185);Mostly Explosive;14;13;10;12;3
245279;Reguilón;77;78;1;27;Major;Tottenham Hotspur;Defender;LB;21,5;Left;11000000;78000;10;70;Lean (170-185);Mostly Explosive;5;8;4;6;2
237819;N. Domínguez;77;78;1;26;Major;Nottingham Forest;Midfielder;CDM;22,8;Right;11000000;56000;8;71;Lean (170-185);Controlled Explosive;17;16;24;19;1
255475;Antony;76;80;4;24;Major;Manchester United;Midfielder;CAM;21,3;Left;11000000;66000;11;66;Lean (170-185);Explosive;8;3;6;6;20
261188;I. Ndiaye;76;80;4;24;Major;Everton;Midfielder;CAM;21,6;Right;11000000;42000;9;64;Lean (170-185);Mostly Explosive;15;17;16;16;9
265693;J. Kiwior;76;82;6;24;Major;Arsenal;Defender;CB;21;Left;11000000;72000;9;63;Lean (185+);Controlled Lengthy;2;2;5;3;13
258908;J. van Hecke;76;82;6;24;Major;Brighton & Hove Albion;Defender;CB;22,1;Right;11000000;58000;8;63;Lean (185+);Controlled Lengthy;11;6;9;9;0
256008;Morato;76;82;6;23;Major;Nottingham Forest;Defender;CB;23,9;Left;11000000;45000;10;60;Normal (185+);Controlled Lengthy;17;16;24;19;1
229723;M. Jensen;77;77;0;28;Major;Brentford;Midfielder;CM;21;Right;10500000;67000;10;70;Lean (170-185);Controlled;16;9;13;13;0
236988;E. Nketiah;76;80;4;25;Major;Crystal Palace;Attacker;ST;22,5;Right;10500000;69000;9;59;Normal (170-185);Mostly Explosive;10;11;12;11;0
246685;L. Davis;76;81;5;24;Major;Ipswich Town;Defender;LWB;21,1;Left;10500000;42000;10;70;Normal (170-185);Controlled Explosive;22;51;42;38;1
74866;André;75;82;7;22;Junior;Wolverhampton Wanderers;Midfielder;CDM;24,6;Right;10500000;44000;8;64;Normal (170-185);Controlled;14;13;10;12;3
252793;T. Harwood-Bellis;75;82;7;22;Junior;Southampton;Defender;CB;20,7;Right;10500000;40000;10;62;Normal (185+);Controlled Lengthy;24;20;15;20;0
260105;R. Drăgușin;75;82;7;22;Junior;Tottenham Hotspur;Defender;CB;21,9;Right;10500000;60000;11;61;Normal (185+);Controlled Lengthy;5;8;4;6;2
230977;M. Almirón;77;77;0;30;Major;Newcastle United;Attacker;RW;23,1;Left;10000000;95000;11;69;Lean (170-185);Explosive;7;4;11;7;4
224656;O. Aina;77;77;0;27;Major;Nottingham Forest;Defender;RB;24,2;Right;10000000;56000;10;70;Normal (170-185);Controlled;17;16;24;19;1
238041;T. Malacia;76;80;4;24;Major;Manchester United;Defender;LB;23,5;Left;10000000;63000;9;68;Normal (170-);Controlled Explosive;8;3;6;6;20
231448;R. Nelson;76;79;3;24;Major;Fulham;Midfielder;CAM;22,9;Right;10000000;76000;12;62;Lean (170-185);Explosive;13;10;21;15;0
273106;Danilo;76;80;4;23;Major;Nottingham Forest;Midfielder;CDM;22,3;Left;10000000;45000;8;68;Lean (170-185);Controlled;17;16;24;19;1
243057;N. Williams;76;80;4;23;Major;Nottingham Forest;Defender;RB;21,5;Right;10000000;45000;11;66;Lean (170-185);Controlled;17;16;24;19;1
258607;Toti;76;81;5;25;Major;Wolverhampton Wanderers;Defender;CB;20,6;Left;10000000;51000;9;66;Normal (185+);Controlled Lengthy;14;13;10;12;3
271800;Y. Minteh;74;86;12;19;Junior;Brighton & Hove Albion;Attacker;LM;20,1;Left;10000000;43000;9;62;Lean (170-185);Mostly Explosive;11;6;9;9;0
206585;Kepa;78;78;0;29;Major;AFC Bournemouth;Goalkeeper;GK;23,8;Right;9500000;65000;78;44;Lean (185+);Controlled;12;15;22;16;0
238717;E. Pinnock;78;78;0;31;Senior;Brentford;Defender;CB;21;Left;9500000;68000;8;61;Lean (185+);Controlled Lengthy;16;9;13;13;0
216266;K. Tete;77;77;0;28;Major;Fulham;Defender;RB;21,9;Right;9500000;71000;10;67;Normal (170-185);Controlled Explosive;13;10;21;15;0
233500;L. Sinisterra;76;78;2;25;Major;AFC Bournemouth;Midfielder;CAM;20,3;Right;9500000;52000;12;67;Normal (170-185);Explosive;12;15;22;16;0
234078;O. Mangala;76;79;3;26;Major;Everton;Midfielder;CM;25,2;Right;9500000;41000;7;69;Normal (170-185);Controlled;15;17;16;16;9
241436;C. Bassey;76;80;4;24;Major;Fulham;Defender;CB;25,7;Left;9500000;55000;7;66;Normal (185+);Controlled Lengthy;13;10;21;15;0
250954;C. Richards;76;80;4;24;Major;Crystal Palace;Defender;CB;24,6;Right;9500000;55000;9;59;Lean (185+);Controlled Lengthy;10;11;12;11;0
256725;Fábio Carvalho;74;83;9;21;Junior;Brentford;Midfielder;CAM;21,5;Right;9500000;40000;9;61;Lean (170-);Explosive;16;9;13;13;0
254120;T. Doyle;74;82;8;22;Junior;Wolverhampton Wanderers;Midfielder;CM;24,7;Right;9500000;43000;11;68;Lean (170-185);Controlled;14;13;10;12;3
260145;O. Hutchinson;74;83;9;20;Junior;Ipswich Town;Midfielder;CAM;21,5;Left;9500000;33000;8;66;Lean (170-185);Explosive;22;51;42;38;1
272612;B. Gruda;74;85;11;20;Junior;Brighton & Hove Albion;Attacker;LM;22,1;Left;9500000;47000;10;63;Normal (170-185);Mostly Explosive;11;6;9;9;0
259031;L. Delap;74;83;9;21;Junior;Ipswich Town;Attacker;ST;23,1;Right;9500000;37000;10;60;Stocky (185+);Controlled Lengthy;22;51;42;38;1
198032;D. Burn;78;78;0;32;Senior;Newcastle United;Defender;CB;22,2;Left;9000000;95000;11;61;Lean (185+);Controlled;7;4;11;7;4
210243;Ricardo Pereira;77;77;0;30;Major;Leicester City;Defender;RB;22,9;Right;9000000;52000;13;72;Unique;Controlled Explosive;21;18;8;16;1
213884;R. Christie;77;77;0;29;Major;AFC Bournemouth;Midfielder;CDM;24,9;Left;9000000;58000;10;73;Lean (170-185);Controlled Explosive;12;15;22;16;0
210697;C. Nørgaard;77;77;0;30;Major;Brentford;Midfielder;CDM;22;Right;9000000;64000;12;68;Lean (185+);Controlled Lengthy;16;9;13;13;0
225783;S. Mavididi;76;77;1;26;Major;Leicester City;Attacker;ST;21,4;Right;9000000;49000;9;63;Lean (170-185);Controlled;21;18;8;16;1
230978;T. Awoniyi;76;77;1;26;Major;Nottingham Forest;Attacker;ST;25,1;Right;9000000;59000;9;60;Stocky (170-185);Controlled Lengthy;17;16;24;19;1
235167;V. Janelt;76;78;2;26;Major;Brentford;Midfielder;CDM;23,3;Left;9000000;60000;8;70;Lean (170-185);Controlled Lengthy;16;9;13;13;0
235353;I. Sarr;76;77;1;26;Major;Crystal Palace;Attacker;RW;20,5;Right;9000000;71000;10;62;Lean (185+);Controlled Lengthy;10;11;12;11;0
221479;D. Calvert-Lewin;76;77;1;27;Major;Everton;Attacker;ST;20,3;Right;9000000;53000;10;63;Unique;Controlled Lengthy;15;17;16;16;9
237161;S. Longstaff;76;77;1;26;Major;Newcastle United;Midfielder;CM;21,2;Right;9000000;81000;11;68;Lean (185+);Controlled Lengthy;7;4;11;7;4
228092;S. Berge;76;77;1;26;Major;Fulham;Midfielder;CDM;25,2;Right;9000000;66000;10;68;Normal (185+);Controlled Lengthy;13;10;21;15;0
243657;J. Garner;75;81;6;23;Major;Everton;Midfielder;CM;24,2;Right;9000000;40000;8;69;Lean (170-185);Controlled Lengthy;15;17;16;16;9
264337;Rodrigo Muniz;75;81;6;23;Major;Fulham;Attacker;ST;23,4;Right;9000000;60000;12;63;Normal (185+);Controlled Lengthy;13;10;21;15;0
247678;J. Araujo;74;82;8;22;Junior;AFC Bournemouth;Defender;RWB;22,9;Right;9000000;40000;11;63;Lean (170-185);Controlled Explosive;12;15;22;16;0
261299;A. Scott;74;84;10;20;Junior;AFC Bournemouth;Midfielder;CAM;21,5;Right;9000000;35000;11;69;Lean (170-185);Controlled Explosive;12;15;22;16;0
273906;Renato Veiga;74;83;9;20;Junior;Chelsea;Midfielder;CDM;24,4;Left;9000000;53000;11;71;Normal (185+);Controlled Lengthy;6;12;3;7;6
251892;Beto;76;76;0;26;Major;Everton;Attacker;ST;23,4;Right;8500000;53000;11;60;Lean (185+);Controlled Lengthy;15;17;16;16;9
239901;S. Kalajdžić;76;76;0;26;Major;Wolverhampton Wanderers;Attacker;ST;22,5;Right;8500000;61000;11;61;Unique;Controlled Lengthy;14;13;10;12;3
259762;V. Kristiansen;75;81;6;21;Junior;Leicester City;Defender;LWB;23,5;Left;8500000;32000;9;67;Normal (170-185);Controlled;21;18;8;16;1
245741;J. Lindstrøm;75;80;5;24;Major;Everton;Midfielder;CAM;19;Right;8500000;67000;12;64;Lean (170-185);Mostly Explosive;15;17;16;16;9
265552;D. Ouattara;74;81;7;22;Junior;AFC Bournemouth;Attacker;LM;22,7;Left;8500000;42000;10;64;Lean (170-185);Mostly Explosive;12;15;22;16;0
232080;J. Harrison;76;76;0;27;Major;Everton;Attacker;RM;22,9;Left;8000000;51000;9;66;Normal (170-185);Mostly Explosive;15;17;16;16;9
224411;Gonçalo Guedes;76;76;0;27;Major;Wolverhampton Wanderers;Attacker;ST;21,2;Right;8000000;61000;10;66;Normal (170-185);Controlled Explosive;14;13;10;12;3
231554;J. Justin;76;77;1;26;Major;Leicester City;Defender;RB;23,9;Right;8000000;46000;9;67;Normal (170-185);Controlled;21;18;8;16;1
235642;R. Yates;76;77;1;26;Major;Nottingham Forest;Defender;CB;24,1;Right;8000000;52000;8;67;Normal (185+);Controlled Lengthy;17;16;24;19;1
224258;K. Ajer;76;78;2;26;Major;Brentford;Defender;CB;21,9;Right;8000000;57000;10;65;Normal (185+);Controlled Lengthy;16;9;13;13;0
241508;M. Damsgaard;75;79;4;23;Major;Brentford;Midfielder;CAM;21,6;Right;8000000;50000;10;69;Lean (170-185);Mostly Explosive;16;9;13;13;0
248602;J. Greaves;75;81;6;23;Major;Ipswich Town;Defender;CB;23,1;Left;8000000;40000;10;63;Normal (185+);Controlled Lengthy;22;51;42;38;1
253510;J. O'Brien;75;81;6;23;Major;Everton;Defender;CB;21,6;Right;8000000;38000;11;60;Normal (185+);Controlled Lengthy;15;17;16;16;9
212442;José Sá;78;78;0;31;Senior;Wolverhampton Wanderers;Goalkeeper;GK;22,8;Right;7500000;42000;76;44;Normal (185+);Controlled Lengthy;14;13;10;12;3
206075;S. Johnstone;78;78;0;31;Senior;Wolverhampton Wanderers;Goalkeeper;GK;22,8;Right;7500000;42000;77;42;Normal (185+);Controlled;14;13;10;12;3
211738;M. Flekken;78;78;0;31;Senior;Brentford;Goalkeeper;GK;22,9;Right;7500000;45000;78;41;Normal (185+);Controlled;16;9;13;13;0
244470;V. Coufal;77;77;0;31;Senior;West Ham United;Defender;RB;24,8;Right;7500000;76000;11;70;Normal (170-185);Controlled;9;14;7;10;0
208004;J. Veltman;77;77;0;32;Senior;Brighton & Hove Albion;Defender;CB;22,2;Right;7500000;76000;9;65;Normal (170-185);Controlled Lengthy;11;6;9;9;0
213956;Adama Traoré;76;76;0;28;Major;Fulham;Attacker;RM;27,1;Right;7500000;69000;10;64;Unique;Mostly Explosive;13;10;21;15;0
206085;J. Murphy;76;76;0;29;Major;Newcastle United;Attacker;RW;23,1;Right;7500000;90000;12;69;Normal (170-185);Controlled Explosive;7;4;11;7;4
231633;I. Diop;76;77;1;27;Major;Fulham;Defender;CB;24,4;Right;7500000;63000;9;58;Lean (185+);Controlled Lengthy;13;10;21;15;0
220714;P. Billing;76;76;0;28;Major;AFC Bournemouth;Midfielder;CM;20,6;Left;7500000;57000;11;70;Lean (185+);Controlled Lengthy;12;15;22;16;0
235456;J. Bellegarde;75;78;3;26;Major;Wolverhampton Wanderers;Midfielder;CAM;24,2;Right;7500000;53000;12;71;Normal (170-);Mostly Explosive;14;13;10;12;3
255718;R. Sosa;75;78;3;24;Major;Nottingham Forest;Attacker;RM;23,4;Right;7500000;45000;9;62;Normal (170-185);Mostly Explosive;17;16;24;19;1
248484;N. Collins;75;80;5;23;Major;Brentford;Defender;CB;21,7;Right;7500000;47000;9;57;Normal (185+);Controlled Lengthy;16;9;13;13;0
259608;E. Ferguson;73;85;12;19;Junior;Brighton & Hove Albion;Attacker;ST;22,1;Right;7500000;45000;11;58;Normal (185+);Controlled Lengthy;11;6;9;9;0
199641;M. Sels;78;78;0;32;Senior;Nottingham Forest;Goalkeeper;GK;21,2;Right;7000000;41000;78;43;Normal (185+);Controlled;17;16;24;19;1
227927;K. Walker-Peters;76;76;0;27;Major;Southampton;Defender;RB;20,7;Right;7000000;49000;9;65;Unique;Controlled Explosive;24;20;15;20;0
222400;H. Winks;76;77;1;28;Major;Leicester City;Midfielder;CM;21;Right;7000000;49000;11;69;Normal (170-185);Controlled;21;18;8;16;1
236699;S. Lukić;76;76;0;27;Major;Fulham;Midfielder;CDM;23;Right;7000000;63000;10;70;Lean (170-185);Controlled Lengthy;13;10;21;15;0
222501;T. Castagne;76;76;0;28;Major;Fulham;Defender;RB;23,4;Right;7000000;66000;13;67;Lean (185+);Controlled;13;10;21;15;0
243647;A. Bayındır;76;78;2;26;Major;Manchester United;Goalkeeper;GK;22,4;Right;7000000;47000;76;39;Lean (185+);Controlled;8;3;6;6;20
233866;O. Edouard;75;77;2;26;Major;Leicester City;Attacker;ST;23,7;Right;7000000;69000;10;64;Lean (185+);Controlled Lengthy;21;18;8;16;1
186146;D. Welbeck;77;77;0;33;Senior;Brighton & Hove Albion;Attacker;ST;21,3;Right;6500000;85000;11;65;Normal (185+);Controlled Lengthy;11;6;9;9;0
224081;K. Phillips;76;76;0;28;Major;Ipswich Town;Midfielder;CDM;22,7;Right;6500000;90000;10;70;Stocky (170-185);Controlled;22;51;42;38;1
207616;A. Webster;76;76;0;29;Major;Brighton & Hove Albion;Defender;CB;20,6;Right;6500000;71000;10;59;Normal (185+);Controlled Lengthy;11;6;9;9;0
225667;C. Chaplin;75;76;1;27;Major;Ipswich Town;Midfielder;CAM;24,4;Left;6500000;49000;13;68;Lean (170-);Explosive;22;51;42;38;1
240097;F. Downes;75;78;3;25;Major;Southampton;Midfielder;CDM;21,4;Right;6500000;44000;11;67;Lean (170-185);Controlled Lengthy;24;20;15;20;0
239817;B. Soumaré;75;78;3;25;Major;Leicester City;Midfielder;CM;23,2;Right;6500000;42000;9;67;Lean (185+);Controlled Lengthy;21;18;8;16;1
231512;L. Kelly;75;78;3;25;Major;Newcastle United;Defender;CB;23,8;Left;6500000;71000;9;63;Lean (185+);Controlled Lengthy;7;4;11;7;4
233164;A. Murić;75;80;5;25;Major;Ipswich Town;Goalkeeper;GK;24,5;Right;6500000;28000;76;43;Normal (185+);Controlled Lengthy;22;51;42;38;1
243606;K. Lewis-Potter;74;79;5;23;Major;Brentford;Attacker;LW;23,2;Right;6500000;49000;11;64;Lean (170-);Explosive;16;9;13;13;0
242908;J. Clarke;74;80;6;23;Major;Ipswich Town;Midfielder;CAM;22,6;Right;6500000;39000;9;62;Lean (170-185);Mostly Explosive;22;51;42;38;1
255434;J. Enciso;73;84;11;20;Junior;Brighton & Hove Albion;Midfielder;CAM;21,4;Right;6500000;43000;10;60;Lean (170-185);Controlled Explosive;11;6;9;9;0
270579;W. Odobert;73;84;11;19;Junior;Tottenham Hotspur;Midfielder;CAM;22,6;Right;6500000;43000;9;57;Lean (170-185);Mostly Explosive;5;8;4;6;2
270208;A. Gray;73;87;14;18;Junior;Tottenham Hotspur;Midfielder;CM;20;Right;6500000;38000;10;68;Lean (185+);Controlled;5;8;4;6;2
257084;L. Ugochukwu;73;83;10;20;Junior;Southampton;Midfielder;CDM;24,1;Right;6500000;49000;11;65;Normal (185+);Controlled Lengthy;24;20;15;20;0
261281;C. Okoli;73;82;9;22;Junior;Leicester City;Defender;CB;24,9;Right;6500000;33000;10;56;Normal (185+);Controlled Lengthy;21;18;8;16;1
198950;Pablo Sarabia;76;76;0;32;Senior;Wolverhampton Wanderers;Midfielder;CAM;23,1;Left;6000000;59000;12;69;Lean (170-185);Controlled;14;13;10;12;3
221841;A. Armstrong;75;75;0;27;Major;Southampton;Attacker;ST;23,3;Right;6000000;53000;11;64;Normal (170-185);Mostly Explosive;24;20;15;20;0
220710;H. Wilson;75;75;0;27;Major;Fulham;Attacker;RM;23,4;Left;6000000;63000;10;67;Normal (170-185);Controlled Explosive;13;10;21;15;0
215798;M. Cornet;75;75;0;27;Major;Southampton;Attacker;LW;21,5;Left;6000000;67000;12;72;Lean (170-185);Controlled Explosive;24;20;15;20;0
235036;W. Faes;75;76;1;26;Major;Leicester City;Defender;CB;23,4;Right;6000000;44000;9;59;Normal (185+);Controlled Lengthy;21;18;8;16;1
235883;R. Sessegnon;74;79;5;24;Major;Fulham;Attacker;LM;22,1;Left;6000000;48000;8;68;Lean (170-185);Controlled Explosive;13;10;21;15;0
237522;Jorge Cuenca;74;80;6;24;Major;Fulham;Defender;CB;20,8;Left;6000000;48000;11;59;Lean (185+);Controlled;13;10;21;15;0
243585;G. Bazunu;73;82;9;22;Junior;Southampton;Goalkeeper;GK;21,8;Right;6000000;20000;73;38;Lean (185+);Controlled;24;20;15;20;0
256268;A. Broja;73;80;7;22;Junior;Everton;Attacker;ST;22,8;Right;6000000;67000;10;58;Normal (185+);Controlled Lengthy;15;17;16;16;9
220139;S. Szmodics;75;75;0;28;Major;Ipswich Town;Midfielder;CAM;23,7;Right;5500000;51000;12;68;Stocky (170-);Explosive;22;51;42;38;1
212382;P. Onuachu;75;75;0;30;Major;Southampton;Attacker;ST;24,3;Right;5500000;55000;10;61;Normal (185+);Controlled Lengthy;24;20;15;20;0
242418;T. Lamptey;74;77;3;23;Major;Brighton & Hove Albion;Defender;RWB;23,3;Right;5500000;51000;12;64;Lean (170-);Explosive;11;6;9;9;0
241202;P. Daka;74;77;3;25;Major;Leicester City;Attacker;ST;21,2;Right;5500000;45000;8;60;Normal (170-185);Controlled Lengthy;21;18;8;16;1
244472;J. Cajuste;74;78;4;24;Major;Ipswich Town;Midfielder;CM;21,8;Right;5500000;58000;9;67;Lean (185+);Controlled;22;51;42;38;1
277295;O. Bobb;72;85;13;20;Junior;Manchester City;Midfielder;CAM;24,1;Left;5500000;59000;11;58;Normal (170-185);Explosive;1;1;1;1;10
260926;K. Schade;72;80;8;22;Junior;Brentford;Attacker;LW;21,6;Right;5500000;44000;10;58;Lean (185+);Controlled;16;9;13;13;0
274246;L. Miley;72;86;14;18;Junior;Newcastle United;Midfielder;CM;19;Right;5500000;42000;9;65;Lean (185+);Controlled;7;4;11;7;4
190717;M. Antonio;77;77;0;34;Senior;West Ham United;Attacker;ST;25,3;Right;5000000;85000;11;70;Stocky (170-185);Controlled Explosive;9;14;7;10;0
197975;S. Morsy;76;76;0;32;Senior;Ipswich Town;Midfielder;CDM;24,5;Right;5000000;51000;12;67;Stocky (170-185);Controlled;22;51;42;38;1
205923;B. Davies;76;76;0;31;Senior;Tottenham Hotspur;Defender;CB;23,2;Left;5000000;76000;9;68;Normal (170-185);Controlled Lengthy;5;8;4;6;2
235405;D. O'Shea;74;77;3;25;Major;Ipswich Town;Defender;CB;20,9;Right;5000000;41000;9;59;Normal (185+);Controlled Lengthy;22;51;42;38;1
259170;Rodrigo Gomes;72;82;10;20;Junior;Wolverhampton Wanderers;Midfielder;CAM;21,9;Right;5000000;36000;11;62;Lean (170-185);Explosive;14;13;10;12;3
265459;T. Morton;72;81;9;21;Junior;Liverpool;Midfielder;CM;23;Right;5000000;39000;11;68;Lean (170-185);Controlled;3;5;2;3;19
259356;C. Chukwuemeka;72;82;10;20;Junior;Chelsea;Midfielder;CAM;22;Right;5000000;52000;11;63;Lean (185+);Controlled Lengthy;6;12;3;7;6
273883;C. Casadei;72;82;10;21;Junior;Chelsea;Midfielder;CAM;20,9;Right;5000000;51000;10;69;Normal (185+);Controlled;6;12;3;7;6
258490;C. Riad;72;81;9;21;Junior;Crystal Palace;Defender;CB;21,6;Left;4900000;36000;10;57;Normal (185+);Controlled Lengthy;10;11;12;11;0
277283;J. Hinshelwood;72;83;11;19;Junior;Brighton & Hove Albion;Midfielder;CDM;22,6;Right;4800000;36000;8;68;Lean (170-185);Controlled Lengthy;11;6;9;9;0
203502;B. De Cordova-Reid;75;75;0;31;Senior;Leicester City;Attacker;RM;23,5;Right;4700000;48000;10;69;Lean (170-);Controlled Explosive;21;18;8;16;1
208135;A. Doucouré;75;75;0;31;Senior;Everton;Midfielder;CAM;22,4;Right;4700000;49000;14;73;Unique;Controlled Lengthy;15;17;16;16;9
203487;J. Lascelles;75;75;0;30;Major;Newcastle United;Defender;CB;23,5;Right;4600000;78000;11;55;Stocky (185+);Controlled;7;4;11;7;4
220196;D. Brooks;74;74;0;26;Major;AFC Bournemouth;Attacker;RM;19,8;Left;4600000;48000;10;64;Lean (170-185);Controlled;12;15;22;16;0
197756;J. Ayew;75;75;0;32;Senior;Leicester City;Attacker;RM;24,5;Right;4500000;48000;9;69;Normal (170-185);Controlled Explosive;21;18;8;16;1
231005;C. Ogbene;74;74;0;27;Major;Ipswich Town;Attacker;RM;22,9;Right;4500000;45000;11;69;Normal (170-185);Controlled;22;51;42;38;1
247497;A. Bella-Kotchap;73;79;6;22;Junior;Southampton;Defender;CB;24,1;Right;4400000;34000;10;55;Stocky (185+);Controlled Lengthy;24;20;15;20;0
256666;Y. Mosquera;72;79;7;23;Major;Wolverhampton Wanderers;Defender;CB;23,8;Right;4400000;36000;8;57;Normal (185+);Controlled Lengthy;14;13;10;12;3
72754;Luis Guilherme;71;86;15;18;Junior;West Ham United;Attacker;LM;23,2;Left;4400000;36000;11;59;Normal (170-185);Controlled Explosive;9;14;7;10;0
240060;M. Aarons;73;78;5;24;Major;AFC Bournemouth;Defender;RWB;23,6;Right;4300000;36000;9;64;Normal (170-185);Mostly Explosive;12;15;22;16;0
241842;B. Johnson;73;78;5;24;Major;Ipswich Town;Defender;RB;21,3;Right;4300000;34000;11;63;Normal (170-185);Controlled;22;51;42;38;1
237916;W. Smallbone;73;77;4;24;Major;Southampton;Midfielder;CM;22,4;Right;4300000;36000;9;67;Lean (170-185);Controlled;24;20;15;20;0
270866;Y. Chermiti;71;82;11;20;Junior;Everton;Attacker;ST;22;Right;4100000;31000;9;56;Lean (185+);Controlled Lengthy;15;17;16;16;9
233795;B. Brereton Díaz;73;76;3;25;Major;Southampton;Attacker;ST;21,2;Right;4000000;40000;11;65;Normal (185+);Controlled Lengthy;24;20;15;20;0
252975;B. Traoré;71;80;9;22;Junior;Wolverhampton Wanderers;Midfielder;CDM;20;Right;4000000;36000;12;65;Lean (170-185);Controlled;14;13;10;12;3
266609;T. Iroegbunam;71;80;9;21;Junior;Everton;Midfielder;CDM;20,9;Right;4000000;26000;10;64;Lean (170-185);Controlled Lengthy;15;17;16;16;9
207599;M. Keane;75;75;0;31;Senior;Everton;Defender;CB;22,5;Right;3800000;46000;11;60;Normal (185+);Controlled Lengthy;15;17;16;16;9
202849;J. Vestergaard;75;75;0;31;Senior;Leicester City;Defender;CB;24,2;Right;3800000;46000;13;60;Lean (185+);Controlled;21;18;8;16;1
226012;R. Manning;74;74;0;28;Major;Southampton;Defender;LB;24,1;Left;3800000;45000;11;69;Normal (170-185);Controlled Explosive;24;20;15;20;0
218659;M. Targett;74;74;0;28;Major;Newcastle United;Defender;LB;20,9;Left;3800000;72000;12;66;Normal (170-185);Controlled;7;4;11;7;4
231445;J. Dasilva;73;75;2;25;Major;Brentford;Midfielder;CAM;22,2;Left;3800000;46000;11;69;Normal (170-185);Controlled Lengthy;16;9;13;13;0
240500;L. Woolfenden;73;77;4;25;Major;Ipswich Town;Defender;CB;21,5;Right;3800000;38000;8;61;Normal (185+);Controlled Lengthy;22;51;42;38;1
265801;K. McAteer;71;78;7;22;Junior;Leicester City;Midfielder;CAM;21,4;Right;3800000;35000;8;64;Lean (170-185);Mostly Explosive;21;18;8;16;1
238157;M. Roerslev;73;76;3;25;Major;Brentford;Defender;RWB;19,8;Right;3700000;44000;12;64;Lean (170-185);Controlled;16;9;13;13;0
208830;J. Vardy;77;77;0;37;Senior;Leicester City;Attacker;ST;23,1;Right;3600000;45000;12;68;Unique;Controlled Explosive;21;18;8;16;1
202750;W. Boly;76;76;0;33;Senior;Nottingham Forest;Defender;CB;25,5;Right;3600000;54000;10;57;Normal (185+);Controlled;17;16;24;19;1
204838;R. Jiménez;75;75;0;33;Senior;Fulham;Attacker;ST;22,4;Right;3600000;71000;11;66;Normal (185+);Controlled Lengthy;13;10;21;15;0
205990;H. Reed;74;74;0;29;Major;Fulham;Midfielder;CDM;23,9;Right;3600000;58000;11;68;Normal (170-185);Controlled;13;10;21;15;0
195859;D. Ings;74;74;0;31;Senior;West Ham United;Attacker;ST;23;Right;3600000;70000;11;64;Normal (170-185);Controlled;9;14;7;10;0
206516;W. Hughes;74;74;0;29;Major;Crystal Palace;Midfielder;CDM;21,6;Left;3600000;58000;11;67;Lean (185+);Controlled;10;11;12;11;0
220570;J. Bednarek;74;74;0;28;Major;Southampton;Defender;CB;21,6;Right;3600000;45000;11;55;Normal (185+);Controlled Lengthy;24;20;15;20;0
73239;Carlos Miguel;73;78;5;25;Major;Nottingham Forest;Goalkeeper;GK;23,1;Left;3600000;25000;72;32;Lean (185+);Controlled;17;16;24;19;1
264349;J. McAtee;70;80;10;21;Junior;Manchester City;Midfielder;CAM;22,2;Left;3600000;53000;9;59;Lean (170-185);Controlled Explosive;1;1;1;1;10
195202;T. Cairney;75;75;0;33;Senior;Fulham;Midfielder;CM;24,5;Left;3500000;66000;9;68;Normal (185+);Controlled;13;10;21;15;0
243702;D. Spence;72;78;6;23;Major;Tottenham Hotspur;Defender;RWB;21;Right;3500000;50000;9;61;Lean (170-185);Controlled;5;8;4;6;2
261647;A. Omobamidele;71;78;7;22;Junior;Nottingham Forest;Defender;CB;20,9;Right;3500000;35000;8;55;Normal (185+);Controlled Lengthy;17;16;24;19;1
277426;Carlos Forbs;70;81;11;20;Junior;Wolverhampton Wanderers;Attacker;LM;20,3;Left;3500000;9000;7;59;Lean (170-);Explosive;14;13;10;12;3
272926;L. Bergvall;69;87;18;18;Junior;Tottenham Hotspur;Midfielder;CAM;21,4;Right;3500000;34000;10;63;Normal (185+);Controlled Lengthy;5;8;4;6;2
189682;B. Mee;77;77;0;34;Senior;Brentford;Defender;CB;25,3;Left;3400000;64000;12;61;Normal (170-185);Controlled;16;9;13;13;0
265420;Matheus França;69;84;15;20;Junior;Crystal Palace;Attacker;RM;19,8;Right;3400000;34000;12;61;Lean (170-185);Controlled Lengthy;10;11;12;11;0
231485;A. Tuanzebe;73;74;1;26;Major;Ipswich Town;Defender;CB;21,9;Right;3300000;40000;9;63;Normal (185+);Controlled Lengthy;22;51;42;38;1
232284;M. Travers;73;77;4;25;Major;AFC Bournemouth;Goalkeeper;GK;22,5;Right;3300000;25000;72;40;Normal (185+);Controlled;12;15;22;16;0
277795;Deivid Washington;69;82;13;19;Junior;Chelsea;Attacker;ST;20,9;Right;3300000;46000;11;58;Lean (185+);Controlled Lengthy;6;12;3;7;6
278813;Marc Guiu;69;84;15;18;Junior;Chelsea;Attacker;ST;23,4;Right;3300000;44000;9;56;Normal (185+);Controlled Lengthy;6;12;3;7;6
231044;J. Aribo;73;73;0;27;Major;Southampton;Midfielder;CM;22,7;Left;3200000;41000;10;70;Normal (170-185);Controlled;24;20;15;20;0
244621;Vinícius;73;73;0;29;Major;Fulham;Attacker;ST;23,5;Left;3000000;61000;11;61;Normal (185+);Controlled Lengthy;13;10;21;15;0
256035;K. Sulemana;71;77;6;22;Junior;Southampton;Attacker;RM;22,9;Right;3000000;34000;10;59;Normal (170-185);Explosive;24;20;15;20;0
239778;J. Moder;72;74;2;25;Major;Brighton & Hove Albion;Midfielder;CM;22,1;Right;2900000;53000;12;68;Lean (185+);Controlled Lengthy;11;6;9;9;0
248492;J. Hill;69;78;9;22;Junior;AFC Bournemouth;Defender;CB;21,6;Right;2900000;31000;9;58;Lean (170-185);Controlled Lengthy;12;15;22;16;0
245153;N. Wood;69;78;9;22;Junior;Southampton;Defender;CB;21,2;Right;2900000;29000;12;54;Normal (185+);Controlled Lengthy;24;20;15;20;0
270608;Y. Yarmoliuk;68;80;12;20;Junior;Brentford;Midfielder;CAM;22,2;Right;2900000;30000;8;60;Normal (170-185);Controlled;16;9;13;13;0
211990;O. Vlachodimos;74;74;0;30;Major;Newcastle United;Goalkeeper;GK;22,4;Right;2800000;47000;72;41;Normal (185+);Controlled Lengthy;7;4;11;7;4
233267;M. Turner;74;74;0;30;Major;Crystal Palace;Goalkeeper;GK;21,7;Right;2800000;31000;72;39;Lean (185+);Controlled;10;11;12;11;0
232545;N. Broadhead;72;73;1;26;Major;Ipswich Town;Attacker;LM;23;Right;2800000;40000;8;62;Lean (170-185);Controlled Explosive;22;51;42;38;1
257896;N. Patterson;71;77;6;22;Junior;Everton;Defender;RB;23,9;Right;2800000;31000;9;63;Lean (170-185);Controlled Lengthy;15;17;16;16;9
242271;A. Irving;71;76;5;24;Major;West Ham United;Midfielder;CM;21,6;Left;2800000;48000;12;68;Lean (185+);Controlled Lengthy;9;14;7;10;0
233602;G. Hirst;71;76;5;25;Major;Ipswich Town;Attacker;ST;22,2;Right;2800000;41000;12;61;Normal (185+);Controlled Lengthy;22;51;42;38;1
258167;R. Edwards;68;80;12;21;Junior;Southampton;Defender;CB;23,5;Right;2800000;24000;9;57;Normal (170-185);Controlled;24;20;15;20;0
207650;E. Krafth;73;73;0;29;Major;Newcastle United;Defender;RB;24,5;Right;2700000;66000;11;66;Normal (170-185);Controlled Lengthy;7;4;11;7;4
73049;Pedro Lima;68;83;15;18;Junior;Wolverhampton Wanderers;Attacker;RM;18;Right;2700000;23000;10;62;Lean (170-185);Mostly Explosive;14;13;10;12;3
74207;K. Nedeljković;68;81;13;18;Junior;Aston Villa;Defender;RWB;21,3;Right;2700000;33000;9;60;Lean (170-185);Controlled;4;7;14;8;7
278349;D. Huijsen;68;83;15;19;Junior;AFC Bournemouth;Defender;CB;22,1;Right;2700000;24000;11;60;Lean (185+);Controlled Lengthy;12;15;22;16;0
193474;I. Gueye;76;76;0;34;Senior;Everton;Midfielder;CDM;21,8;Right;2600000;49000;9;68;Lean (170-185);Controlled;15;17;16;16;9
228295;R. Holding;73;73;0;28;Major;Crystal Palace;Defender;CB;21;Right;2600000;54000;12;58;Lean (185+);Controlled Lengthy;10;11;12;11;0
216744;C. Burgess;73;73;0;28;Major;Ipswich Town;Defender;CB;21,5;Left;2600000;41000;12;58;Normal (185+);Controlled Lengthy;22;51;42;38;1
202697;J. Stephens;73;73;0;30;Major;Southampton;Defender;CB;21,9;Right;2500000;41000;11;61;Normal (185+);Controlled;24;20;15;20;0
228332;H. Choudhury;72;73;1;26;Major;Leicester City;Defender;CB;20,2;Right;2500000;37000;10;65;Lean (170-185);Controlled;21;18;8;16;1
272936;Luizão;68;77;9;22;Junior;West Ham United;Defender;CB;22,9;Left;2500000;39000;10;56;Normal (185+);Controlled Lengthy;9;14;7;10;0
194404;Neto;78;78;0;34;Senior;Arsenal;Goalkeeper;GK;23;Right;2400000;41000;77;43;Lean (185+);Controlled;2;2;5;3;13
194806;C. Dawson;76;76;0;34;Senior;Wolverhampton Wanderers;Defender;CB;24;Right;2400000;56000;7;59;Normal (185+);Controlled;14;13;10;12;3
264681;J. Wilson-Esbrand;67;80;13;21;Junior;Manchester City;Defender;LWB;21;Left;2400000;42000;9;60;Normal (170-185);Mostly Explosive;1;1;1;1;10
207807;R. Fraser;72;72;0;30;Major;Southampton;Attacker;LM;26,3;Right;2300000;42000;12;65;Stocky (170-);Explosive;24;20;15;20;0
212484;W. Burns;72;72;0;29;Major;Ipswich Town;Attacker;RM;21,2;Right;2300000;42000;10;68;Normal (170-185);Mostly Explosive;22;51;42;38;1
237704;João Virgínia;71;76;5;24;Major;Everton;Goalkeeper;GK;22,8;Left;2300000;18000;70;35;Normal (185+);Controlled;15;17;16;16;9
253428;V. Jaroš;68;77;9;22;Junior;Liverpool;Goalkeeper;GK;23,5;Right;2300000;23000;68;40;Normal (185+);Controlled;3;5;2;3;19
264133;H. Valdimarsson;68;78;10;22;Junior;Brentford;Goalkeeper;GK;23,4;Right;2300000;19000;67;36;Lean (185+);Controlled;16;9;13;13;0
243849;P. Maghoma;67;75;8;23;Major;Brentford;Midfielder;CAM;23,4;Right;2300000;34000;10;63;Lean (170-185);Controlled Explosive;16;9;13;13;0
270519;W. Osula;67;78;11;20;Junior;Newcastle United;Attacker;ST;22;Right;2300000;44000;9;51;Lean (185+);Controlled Lengthy;7;4;11;7;4
271807;E. Nwaneri;66;86;20;17;Junior;Arsenal;Midfielder;CAM;22,6;Left;2300000;30000;11;57;Normal (170-185);Controlled Explosive;2;2;5;3;13
72159;M. Moore;66;86;20;16;Junior;Tottenham Hotspur;Midfielder;CAM;22,8;Right;2300000;26000;8;56;Lean (170-185);Controlled Explosive;5;8;4;6;2
190456;N. Clyne;74;74;0;33;Senior;Crystal Palace;Defender;RB;21,9;Right;2200000;58000;11;68;Normal (170-185);Controlled;10;11;12;11;0
74759;Gustavo Nunes;66;82;16;18;Junior;Brentford;Attacker;LW;21,7;Right;2200000;28000;11;55;Normal (170-185);Explosive;16;9;13;13;0
279497;T. Dibling;66;82;16;18;Junior;Southampton;Attacker;LM;22,8;Left;2200000;22000;14;58;Lean (185+);Controlled Lengthy;24;20;15;20;0
205347;M. Luongo;73;73;0;31;Senior;Ipswich Town;Midfielder;CDM;24,5;Right;2100000;41000;11;68;Normal (170-185);Controlled;22;51;42;38;1
201417;M. Doherty;73;73;0;32;Senior;Wolverhampton Wanderers;Defender;RB;23,4;Right;2100000;45000;11;68;Normal (185+);Controlled Lengthy;14;13;10;12;3
202048;C. Coady;73;73;0;31;Senior;Leicester City;Midfielder;CDM;23,1;Right;2100000;39000;11;65;Normal (185+);Controlled Lengthy;21;18;8;16;1
206086;H. Toffolo;72;72;0;28;Major;Nottingham Forest;Defender;LB;21,2;Left;2100000;43000;14;66;Normal (170-185);Controlled;17;16;24;19;1
245729;H. Clarke;69;75;6;23;Major;Ipswich Town;Defender;CB;24,7;Right;2100000;29000;11;65;Normal (170-185);Controlled Explosive;22;51;42;38;1
243917;J. Gauci;68;75;7;23;Major;Aston Villa;Goalkeeper;GK;23,1;Right;2100000;26000;66;33;Normal (185+);Controlled;4;7;14;8;7
257400;Y. Ayari;66;78;12;20;Junior;Brighton & Hove Albion;Midfielder;CAM;23,3;Right;2100000;34000;10;59;Lean (170-185);Controlled;11;6;9;9;0
204760;C. Taylor;72;72;0;30;Major;Southampton;Defender;LB;20,5;Left;2000000;40000;11;66;Normal (185+);Controlled Lengthy;24;20;15;20;0
210635;K. Hause;72;72;0;28;Major;Aston Villa;Defender;CB;21,1;Left;2000000;64000;14;58;Stocky (185+);Controlled Lengthy;4;7;14;8;7
239015;E. Dennis;71;71;0;26;Major;Nottingham Forest;Attacker;ST;21,9;Right;2000000;42000;11;63;Unique;Mostly Explosive;17;16;24;19;1
244319;R. Stewart;71;71;0;27;Major;Southampton;Attacker;ST;22,9;Right;2000000;43000;11;58;Lean (185+);Controlled Lengthy;24;20;15;20;0
200759;J. Schlupp;72;72;0;31;Senior;Crystal Palace;Attacker;LW;22,7;Left;1900000;58000;9;69;Stocky (170-185);Controlled Explosive;10;11;12;11;0
254470;L. Thomas;70;72;2;23;Major;Leicester City;Defender;LB;21,7;Left;1900000;29000;10;62;Lean (170-185);Controlled Explosive;21;18;8;16;1
75577;J. Simpson-Pusey;66;78;12;18;Junior;Manchester City;Defender;CB;23,8;Right;1900000;36000;9;53;Normal (185+);Controlled Lengthy;1;1;1;1;10
138412;J. Milner;75;75;0;38;Senior;Brighton & Hove Albion;Midfielder;CDM;22,9;Right;1800000;53000;9;72;Stocky (170-185);Controlled;11;6;9;9;0
228410;D. Iversen;71;73;2;26;Major;Leicester City;Goalkeeper;GK;21,5;Right;1800000;23000;70;42;Normal (185+);Controlled Lengthy;21;18;8;16;1
264209;L. Bogarde;66;76;10;20;Junior;Aston Villa;Defender;CB;20,9;Right;1800000;37000;11;60;Normal (170-185);Controlled Lengthy;4;7;14;8;7
274359;N. Opoku;66;73;7;22;Junior;Leicester City;Attacker;ST;23,3;Right;1800000;30000;10;55;Lean (170-185);Controlled Lengthy;21;18;8;16;1
263376;A. Al Hamadi;66;73;7;22;Junior;Ipswich Town;Attacker;ST;21,7;Right;1800000;31000;8;52;Normal (185+);Controlled Lengthy;22;51;42;38;1
278288;A. Matos;65;81;16;19;Junior;Chelsea;Midfielder;CDM;21,9;Right;1800000;38000;9;65;Normal (170-185);Controlled Explosive;6;12;3;7;6
73893;A. Agbinone;65;82;17;18;Junior;Crystal Palace;Attacker;LW;22;Right;1800000;30000;10;55;Normal (170-185);Mostly Explosive;10;11;12;11;0
222156;J. Bree;70;71;1;26;Major;Southampton;Defender;RB;23,4;Right;1700000;35000;11;63;Normal (170-185);Controlled;24;20;15;20;0
253461;L. Cundle;66;73;7;22;Junior;Wolverhampton Wanderers;Midfielder;CAM;21,5;Right;1700000;31000;10;59;Lean (170-);Controlled Explosive;14;13;10;12;3
265412;H. Vale;65;79;14;20;Junior;Chelsea;Midfielder;CAM;23,2;Left;1700000;41000;13;62;Lean (170-185);Controlled Explosive;6;12;3;7;6
190885;A. Smith;73;73;0;33;Senior;AFC Bournemouth;Defender;RB;24,1;Right;1600000;44000;9;67;Lean (170-185);Controlled;12;15;22;16;0
198350;D. Bentley;72;72;0;30;Major;Wolverhampton Wanderers;Goalkeeper;GK;20,7;Right;1600000;29000;71;41;Normal (185+);Controlled Lengthy;14;13;10;12;3
206115;I. Hayden;71;71;0;29;Major;Newcastle United;Midfielder;CDM;22,6;Right;1600000;63000;10;63;Normal (185+);Controlled Lengthy;7;4;11;7;4
233851;J. Taylor;68;73;5;26;Major;Ipswich Town;Midfielder;CM;20,5;Right;1600000;33000;12;66;Lean (185+);Controlled;22;51;42;38;1
71998;T. George;64;84;20;18;Junior;Chelsea;Midfielder;CAM;20,1;Right;1600000;35000;8;55;Lean (170-185);Mostly Explosive;6;12;3;7;6
189615;A. Cresswell;74;74;0;34;Senior;West Ham United;Defender;LB;21,6;Left;1500000;62000;10;69;Normal (170-185);Controlled;9;14;7;10;0
256488;M. Cox;65;78;13;21;Junior;Brentford;Goalkeeper;GK;22,3;Right;1500000;13000;65;32;Normal (170-185);Controlled;16;9;13;13;0
71973;E. Wheatley;64;83;19;18;Junior;Manchester United;Attacker;ST;22,9;Right;1500000;35000;10;53;Normal (185+);Controlled;8;3;6;6;20
180819;A. Lallana;74;74;0;36;Senior;Southampton;Midfielder;CAM;24,7;Right;1400000;36000;11;68;Lean (170-185);Controlled;24;20;15;20;0
188836;J. Steele;74;74;0;33;Senior;Brighton & Hove Albion;Goalkeeper;GK;22,4;Right;1400000;41000;75;42;Normal (185+);Controlled;11;6;9;9;0
203751;C. Townsend;71;71;0;31;Senior;Ipswich Town;Defender;LB;21,8;Left;1400000;39000;8;63;Lean (170-185);Controlled;22;51;42;38;1
268460;G. Kuol;64;78;14;19;Junior;Newcastle United;Attacker;RM;22,2;Right;1400000;39000;10;51;Lean (170-185);Mostly Explosive;7;4;11;7;4
270617;A. Murphy;64;81;17;20;Junior;Newcastle United;Defender;CB;21,5;Left;1400000;35000;10;55;Normal (185+);Controlled Lengthy;7;4;11;7;4
180216;S. Coleman;74;74;0;35;Senior;Everton;Defender;RB;24,6;Right;1300000;32000;10;69;Normal (170-185);Controlled;15;17;16;16;9
271940;M. Godo;64;74;10;21;Junior;Fulham;Attacker;RM;21,4;Right;1300000;30000;10;55;Lean (170-);Mostly Explosive;13;10;21;15;0
71651;J. Acheampong;63;83;20;18;Junior;Chelsea;Defender;CB;22,2;Right;1300000;32000;10;57;Lean (170-185);Controlled;6;12;3;7;6
164835;Ł. Fabiański;77;77;0;39;Senior;West Ham United;Goalkeeper;GK;23;Right;1200000;23000;75;42;Normal (185+);Controlled Lengthy;9;14;7;10;0
207998;D. Ward;72;72;0;31;Senior;Leicester City;Goalkeeper;GK;24,1;Right;1200000;25000;71;40;Lean (185+);Controlled;21;18;8;16;1
243048;W. Dennis;67;72;5;23;Major;AFC Bournemouth;Goalkeeper;GK;22,4;Right;1200000;17000;67;33;Stocky (185+);Controlled;12;15;22;16;0
268439;T. Collyer;64;75;11;20;Junior;Manchester United;Midfielder;CDM;20,1;Right;1200000;33000;11;59;Lean (170-185);Controlled;8;3;6;6;20
263901;E. Turns;64;75;11;21;Junior;Brighton & Hove Albion;Defender;CB;22,9;Left;1200000;31000;12;52;Normal (170-185);Controlled Lengthy;11;6;9;9;0
274377;E. González;63;81;18;19;Junior;Wolverhampton Wanderers;Midfielder;CAM;24,2;Left;1200000;26000;11;53;Normal (170-);Mostly Explosive;14;13;10;12;3
271218;W. Alves;63;79;16;19;Junior;Leicester City;Midfielder;CAM;23,1;Right;1200000;21000;8;55;Lean (170-185);Controlled;21;18;8;16;1
71227;J. Danns;63;81;18;18;Junior;Liverpool;Attacker;ST;21,3;Right;1200000;32000;9;52;Lean (185+);Controlled;3;5;2;3;19
279128;T. Nyoni;62;84;22;17;Junior;Liverpool;Midfielder;CAM;20,4;Right;1200000;22000;8;55;Lean (170-185);Controlled;3;5;2;3;19
186392;J. Ward;73;73;0;34;Senior;Crystal Palace;Defender;CB;23,5;Right;1100000;54000;9;63;Lean (185+);Controlled Lengthy;10;11;12;11;0
217096;J. Lumley;70;70;0;29;Major;Southampton;Goalkeeper;GK;20;Right;1100000;24000;70;41;Lean (185+);Controlled Lengthy;24;20;15;20;0
272863;F. Umeh-Chibueze;63;78;15;19;Junior;Crystal Palace;Attacker;ST;22,7;Left;1100000;26000;12;62;Lean (170-185);Controlled Explosive;10;11;12;11;0
278292;J. McConnell;63;77;14;19;Junior;Liverpool;Midfielder;CM;22,2;Right;1100000;30000;10;57;Lean (170-185);Controlled;3;5;2;3;19
71997;K. Dyer;62;82;20;17;Junior;Chelsea;Midfielder;CDM;20,5;Right;1100000;27000;9;60;Lean (170-185);Controlled Explosive;6;12;3;7;6
193182;W. Foderingham;73;73;0;33;Senior;West Ham United;Goalkeeper;GK;21,9;Left;1000000;37000;73;43;Normal (185+);Controlled Lengthy;9;14;7;10;0
206561;C. Walton;68;70;2;28;Major;Ipswich Town;Goalkeeper;GK;18,9;Left;1000000;22000;67;38;Lean (185+);Controlled;22;51;42;38;1
241076;S. Benda;67;70;3;25;Major;Fulham;Goalkeeper;GK;24,4;Right;1000000;25000;66;32;Normal (185+);Controlled;13;10;21;15;0
239772;J. Stolarczyk;66;71;5;23;Major;Leicester City;Goalkeeper;GK;21;Right;1000000;15000;67;34;Lean (185+);Controlled;21;18;8;16;1
70996;J. Wright;62;82;20;18;Junior;Manchester City;Midfielder;CAM;23,4;Right;1000000;34000;10;58;Lean (170-185);Controlled;1;1;1;1;10
70162;M. Golding;62;81;19;18;Junior;Leicester City;Midfielder;CAM;19,9;Right;1000000;19000;10;60;Lean (170-185);Controlled;21;18;8;16;1
278017;O. Kellyman;62;80;18;18;Junior;Chelsea;Midfielder;CAM;19,5;Left;1000000;35000;11;57;Lean (185+);Controlled;6;12;3;7;6
74413;H. Armstrong;61;82;21;17;Junior;Everton;Midfielder;CM;20,5;Right;1000000;15000;10;56;Lean (185+);Controlled;15;17;16;16;9
270676;S. Mills;62;74;12;20;Junior;Everton;Midfielder;CAM;21,6;Right;950000;22000;8;53;Normal (170-185);Controlled;15;17;16;16;9
261375;L. Bergström;63;73;10;21;Junior;Chelsea;Goalkeeper;GK;19,5;Right;925000;19000;62;33;Lean (185+);Controlled;6;12;3;7;6
74634;R. Dixon;62;74;12;19;Junior;Everton;Defender;RB;23,5;Right;900000;19000;12;54;Normal (170-);Controlled Explosive;15;17;16;16;9
267844;Kim Ji Soo;62;76;14;19;Junior;Brentford;Defender;CB;19,8;Right;875000;23000;9;46;Lean (185+);Controlled Lengthy;16;9;13;13;0
268443;D. Gore;61;78;17;19;Junior;Manchester United;Midfielder;CAM;21,7;Right;850000;31000;10;57;Lean (170-185);Controlled Explosive;8;3;6;6;20
278057;B. Meupiyou;61;81;20;18;Junior;Wolverhampton Wanderers;Defender;CB;21,9;Left;850000;20000;8;50;Lean (185+);Controlled Lengthy;14;13;10;12;3
277427;N. O'Reilly;61;80;19;19;Junior;Manchester City;Midfielder;CAM;22;Left;850000;39000;9;55;Normal (185+);Controlled;1;1;1;1;10
220407;M. Dúbravka;76;76;0;35;Senior;Newcastle United;Goalkeeper;GK;22,2;Right;825000;32000;76;43;Normal (185+);Controlled;7;4;11;7;4
271235;O. Bevan;62;73;11;20;Junior;AFC Bournemouth;Defender;CB;22,3;Right;825000;23000;12;51;Normal (185+);Controlled Lengthy;12;15;22;16;0
277561;S. Amo-Ameyaw;61;79;18;17;Junior;Southampton;Attacker;LM;21,1;Left;825000;16000;9;50;Lean (170-185);Controlled Explosive;24;20;15;20;0
71634;E. da Silva Moreira;61;80;19;18;Junior;Nottingham Forest;Attacker;RM;24,2;Right;825000;21000;11;55;Normal (170-185);Controlled;17;16;24;19;1
204246;M. Bettinelli;70;70;0;32;Senior;Chelsea;Goalkeeper;GK;22;Right;800000;41000;70;38;Normal (185+);Controlled;6;12;3;7;6
279624;Mahamadou Susoho;61;80;19;19;Junior;Manchester City;Midfielder;CDM;23,2;Right;800000;35000;11;58;Lean (170-185);Controlled;1;1;1;1;10
262569;R. Trevitt;61;75;14;21;Junior;Brentford;Midfielder;CAM;22,4;Right;800000;26000;8;56;Lean (170-185);Controlled;16;9;13;13;0
73896;C. Kporha;61;77;16;17;Junior;Crystal Palace;Attacker;ST;23,2;Right;775000;19000;10;59;Stocky (170-);Controlled Explosive;10;11;12;11;0
169588;J. Evans;74;74;0;36;Senior;Manchester United;Defender;CB;21,8;Right;750000;50000;13;57;Lean (185+);Controlled;8;3;6;6;20
273599;H. Amass;60;85;25;17;Junior;Manchester United;Defender;LB;23,7;Left;750000;21000;12;52;Lean (170-185);Controlled Explosive;8;3;6;6;20
207557;R. Olsen;74;74;0;34;Senior;Aston Villa;Goalkeeper;GK;22,7;Right;725000;47000;74;41;Normal (185+);Controlled;4;7;14;8;7
271977;H. Davies;61;73;12;20;Junior;Liverpool;Goalkeeper;GK;22,6;Left;700000;15000;60;30;Normal (185+);Controlled;3;5;2;3;19
278773;M. Lewis-Skelly;59;82;23;17;Junior;Arsenal;Midfielder;CAM;21,7;Left;700000;26000;10;56;Normal (170-185);Controlled;2;2;5;3;13
70786;J. King;59;83;24;17;Junior;Fulham;Midfielder;CAM;22,1;Right;700000;20000;9;56;Lean (170-185);Controlled;13;10;21;15;0
152908;A. Young;73;73;0;38;Senior;Everton;Defender;RB;21,2;Right;675000;29000;14;72;Lean (170-185);Controlled;15;17;16;16;9
236568;B. Austin;64;68;4;25;Major;Tottenham Hotspur;Goalkeeper;GK;21,8;Right;650000;27000;63;33;Lean (185+);Controlled;5;8;4;6;2
75272;W. Lankshear;59;79;20;19;Junior;Tottenham Hotspur;Attacker;ST;23,8;Right;625000;34000;12;51;Lean (185+);Controlled;5;8;4;6;2
258724;E. Brierley;60;72;12;20;Junior;Brentford;Midfielder;CAM;23,7;Right;600000;25000;9;56;Lean (170-185);Controlled;16;9;13;13;0
74242;Z. Abbott;60;77;17;18;Junior;Nottingham Forest;Defender;CB;21,6;Right;600000;19000;11;50;Normal (170-185);Controlled;17;16;24;19;1
277705;Y. Konak;60;78;18;18;Junior;Brentford;Midfielder;CDM;22;Right;600000;21000;13;54;Lean (170-185);Controlled;16;9;13;13;0
73895;J. Devenny;60;74;14;20;Junior;Crystal Palace;Midfielder;CM;23,6;Left;600000;28000;11;60;Normal (170-185);Controlled Lengthy;10;11;12;11;0
279117;A. Dorrington;59;79;20;19;Junior;Tottenham Hotspur;Defender;CB;21,2;Right;600000;29000;10;50;Lean (185+);Controlled Lengthy;5;8;4;6;2
271669;Juan Larios;60;75;15;20;Junior;Southampton;Defender;LB;23,5;Left;575000;20000;10;53;Normal (170-);Controlled Explosive;24;20;15;20;0
236239;A. Whiteman;63;68;5;25;Major;Tottenham Hotspur;Goalkeeper;GK;23,5;Right;550000;26000;63;32;Normal (185+);Controlled;5;8;4;6;2
279008;L. De Fougerolles;58;78;20;18;Junior;Fulham;Defender;CB;22,7;Right;525000;23000;9;50;Lean (170-185);Controlled;13;10;21;15;0
264124;C. Peupion;59;69;10;21;Junior;Brighton & Hove Albion;Attacker;RM;24,8;Right;500000;30000;7;52;Lean (170-185);Controlled;11;6;9;9;0
264645;C. Slicker;59;69;10;21;Junior;Ipswich Town;Goalkeeper;GK;22,5;Right;450000;10000;59;34;Normal (185+);Controlled;22;51;42;38;1
276718;K. Rodney;58;70;12;19;Junior;Crystal Palace;Defender;CB;22,3;Right;450000;25000;8;54;Lean (185+);Controlled;10;11;12;11;0
275876;B. Parkinson;57;77;20;19;Junior;Newcastle United;Attacker;ST;19,7;Right;450000;37000;11;50;Lean (170-185);Controlled;7;4;11;7;4
71498;L. Chiwome;56;79;23;18;Junior;Wolverhampton Wanderers;Attacker;ST;21,7;Right;450000;24000;10;46;Lean (185+);Controlled;14;13;10;12;3
278957;J. Meghoma;57;77;20;18;Junior;Brentford;Defender;LB;23,2;Left;425000;21000;9;51;Lean (170-185);Controlled Explosive;16;9;13;13;0
225650;T. King;64;64;0;29;Major;Wolverhampton Wanderers;Goalkeeper;GK;21,3;Right;400000;23000;63;38;Normal (185+);Controlled Lengthy;14;13;10;12;3
278098;K. Casey;57;74;17;19;Junior;West Ham United;Defender;CB;20,5;Right;400000;26000;12;47;Lean (185+);Controlled Lengthy;9;14;7;10;0
264622;A. Pond;57;73;16;20;Junior;Wolverhampton Wanderers;Defender;CB;23;Right;400000;22000;9;45;Lean (185+);Controlled Lengthy;14;13;10;12;3
75642;Z. Marsh;56;72;16;18;Junior;Crystal Palace;Attacker;ST;23,9;Right;375000;28000;10;48;Normal (170-185);Controlled;10;11;12;11;0
172203;F. Forster;73;73;0;36;Senior;Tottenham Hotspur;Goalkeeper;GK;23;Right;350000;24000;72;40;Normal (185+);Controlled;5;8;4;6;2
198039;M. Gillespie;65;65;0;32;Senior;Newcastle United;Goalkeeper;GK;22,5;Right;350000;34000;64;36;Normal (185+);Controlled;7;4;11;7;4
75106;K. Cahill;57;71;14;20;Junior;Brighton & Hove Albion;Goalkeeper;GK;22,2;Right;350000;14000;57;30;Normal (185+);Controlled;11;6;9;9;0
189324;A. McCarthy;71;71;0;34;Senior;Southampton;Goalkeeper;GK;21,2;Right;325000;26000;69;40;Lean (185+);Controlled;24;20;15;20;0
203824;R. Matthews;63;63;0;30;Major;Crystal Palace;Goalkeeper;GK;21,2;Right;325000;26000;63;38;Normal (185+);Controlled Lengthy;10;11;12;11;0
250830;I. Samuels;56;70;14;21;Junior;Brighton & Hove Albion;Defender;LB;20,9;Left;325000;28000;8;47;Lean (185+);Controlled;11;6;9;9;0
163600;J. Ruddy;71;71;0;37;Senior;Newcastle United;Goalkeeper;GK;26;Right;210000;25000;69;36;Stocky (185+);Controlled;7;4;11;7;4
172723;A. Begović;71;71;0;37;Senior;Everton;Goalkeeper;GK;25,3;Right;210000;15000;70;39;Lean (185+);Controlled;15;17;16;16;9
74451;A. Borto;54;65;11;20;Junior;Fulham;Goalkeeper;GK;22,6;Right;200000;13000;54;30;Lean (185+);Controlled;13;10;21;15;0
163264;T. Heaton;70;70;0;38;Senior;Manchester United;Goalkeeper;GK;24;Right;180000;22000;70;41;Normal (185+);Controlled;8;3;6;6;20
157804;S. Carson;63;63;0;38;Senior;Manchester City;Goalkeeper;GK;24,3;Right;50000;22000;62;36;Stocky (185+);Controlled;1;1;1;1;10
